asset.display_ipv4_address,asset.name,id,output
192.168.18.15,p483680,01ae2ef9-4930-4c85-80f7-ee8ddd48190c,"'
  Path              : C:\Program Files\Microsoft SQL Server\150\DTS\Extensions\Common\Jars\log4j-1.2.17.jar
  Installed version : 1.2.17
  Fixed version     : 2.16.0
"
10.240.67.125,p487433,02eed933-a7cb-4ee6-9c20-908434007b61,"'
  Path              : C:\APL\SigepWEB\Bkp\sigepcliente\lib\log4j-1.2.16.jar
  Installed version : 1.2.16
  Fixed version     : 2.16.0



  Path              : C:\APL\SigepWEB\sigepcliente\lib\log4j-1.2.16.jar
  Installed version : 1.2.16
  Fixed version     : 2.16.0



  Path              : D:\Talita\PDF Split And Merge\lib\log4j-1.2.15.jar
  Installed version : 1.2.15
  Fixed version     : 2.16.0
"
10.42.0.203,p486990,0458cb68-9a1a-4e24-b902-44bd01926b24,"'
  Path              : C:\APL\SigepWEB\Bkp\sigepcliente\lib\log4j-1.2.16.jar
  Installed version : 1.2.16
  Fixed version     : 2.16.0



  Path              : C:\APL\SigepWEB\sigepcliente\lib\log4j-1.2.16.jar
  Installed version : 1.2.16
  Fixed version     : 2.16.0
"
10.100.145.196,p489117,05559bdb-905e-4d7a-8ceb-d823e1afae2d,"'
  Path              : D:\programas\SoapUI-5.4.0\hermesJMS\lib\log4j-1.2.15.jar
  Installed version : 1.2.15
  Fixed version     : 2.16.0



  Path              : D:\programas\SoapUI-5.4.0\lib\log4j-1.2.14.jar
  Installed version : 1.2.14
  Fixed version     : 2.16.0
"
10.64.17.191,p523220,059c5a66-f4ef-46f7-b32d-ca78c152f07d,"'
  Path              : C:\Program Files\ArcGIS\Pro\bin\Python\envs\arcgispro-py3\Lib\site-packages\saspy\java\iomclient\log4j-core-2.12.1.jar
  Installed version : 2.12.1
  Fixed version     : 2.12.3 / 2.17.0



  Path              : C:\Program Files\ArcGIS\Pro\bin\Python\envs\arcgispro-py3\Lib\site-packages\saspy\java\iomclient\log4j-core-2.16.0.jar
  Installed version : 2.16.0
  Fixed version     : 2.17.0
"
10.64.82.146,p523958,06e69ccc-d476-4f72-beba-33830b4314f4,"'
  Path              : C:\Program Files (x86)\Common Files\MicroStrategy\HealthCenter\jars\log4j-1.2.15.jar
  Installed version : 1.2.15
  Fixed version     : 2.16.0



  Path              : C:\Program Files (x86)\MicroStrategy\Messaging Services\Kafka\kafka_2.11-0.10.1.0\libs\log4j-1.2.17.jar
  Installed version : 1.2.17
  Fixed version     : 2.16.0
"
10.212.129.180,p482834,08326bb9-4b30-4918-8cc8-32bf4819e860,"'
  Path              : C:\APL\SigepWEB\Bkp\sigepcliente\lib\log4j-1.2.16.jar
  Installed version : 1.2.16
  Fixed version     : 2.16.0



  Path              : C:\APL\SigepWEB\sigepcliente\lib\log4j-1.2.16.jar
  Installed version : 1.2.16
  Fixed version     : 2.16.0
"
10.100.146.66,p489470,08cb89a7-248b-4bba-bfcc-8f352125efb0,"'
  Path              : C:\SoapUI-5.4.0\hermesJMS\lib\log4j-1.2.15.jar
  Installed version : 1.2.15
  Fixed version     : 2.16.0



  Path              : C:\SoapUI-5.4.0\lib\log4j-1.2.14.jar
  Installed version : 1.2.14
  Fixed version     : 2.16.0



  Path              : C:\Program Files\NetBeans 7.3.1\ide\modules\ext\log4j-1.2.15.jar
  Installed version : 1.2.15
  Fixed version     : 2.16.0
"
10.220.65.66,p524502,08d43099-786b-439a-8c3b-40774e72b7c4,"'
  Path              : C:\Users\c042505\Desktop\PGR\SASE_7.0.2\EditorSASE-7.0.2\lib\log4j-1.2.17.jar
  Installed version : 1.2.17
  Fixed version     : 2.16.0



  Path              : C:\Users\c042505\Desktop\SASE7\SASE_7.0.4\SASE_7.0.4\EditorSASE-7.0.4\lib\log4j-1.2.17.jar
  Installed version : 1.2.17
  Fixed version     : 2.16.0



  Path              : C:\Users\c042505\Desktop\SASE7\SASE_7.1.0\EditorSASE-7.1.0\lib\log4j-1.2.17.jar
  Installed version : 1.2.17
  Fixed version     : 2.16.0
"
192.168.80.1,p488796,098f6f1c-ca45-469b-a10f-189aff9b5f34,"'
  Path              : D:\NOVO_SASE\SASE_7.2.0-alfa1\EditorSASE-7.2.0-alfa1\lib\log4j-1.2.17.jar
  Installed version : 1.2.17
  Fixed version     : 2.16.0
"
192.192.192.15,p487339,0e65ad14-248c-4e49-b208-95a4b3ab37b5,"'
  Path              : D:\SASE 7\SASE_7.0.0\SASE_7.0.0\EditorSASE-7.0.0\lib\log4j-1.2.17.jar
  Installed version : 1.2.17
  Fixed version     : 2.16.0



  Path              : D:\SASE\Executaveis\6.x.x.x\6.5.0.0\SDG\1.2.0\Editor\EditorSDG-1.4.2\lib\log4j-1.2.13.jar
  Installed version : 1.2.13
  Fixed version     : 2.16.0
"
10.101.1.174,p489221,0e994815-dfdb-47e1-9172-1dd94ea60ce0,"'
  Path              : C:\APL\SigepWEB\sigepcliente\lib\log4j-1.2.16.jar
  Installed version : 1.2.16
  Fixed version     : 2.16.0
"
10.212.193.199,p480714,10c917e1-151b-4b7d-aea6-c91c8f7cc6b9,"'
  Path              : C:\web\WEB-INF\lib\log4j-1.2.13.jar
  Installed version : 1.2.13
  Fixed version     : 2.16.0
"
10.100.132.7,p489566,123579fc-089c-41e5-a960-ba9896fb6643,"'
  Path              : C:\APL\SigepWEB\sigepcliente\lib\log4j-1.2.16.jar
  Installed version : 1.2.16
  Fixed version     : 2.16.0
"
10.237.192.207,p480742,1262ed1d-5117-491a-ac9c-12a679dc99fd,"'
  Path              : D:\app\web\WEB-INF\lib\log4j-1.2.13.jar
  Installed version : 1.2.13
  Fixed version     : 2.16.0
"
192.192.192.15,p522425,12770ff7-ed59-4e72-a849-819866bd0a85,"'
  Path              : C:\Users\c043054\Desktop\SASE_7.1.0\EditorSASE-7.1.0\lib\log4j-1.2.17.jar
  Installed version : 1.2.17
  Fixed version     : 2.16.0



  Path              : E:\Automa‡Æo\Curso de Padroniza‡Æo\Ades3.0.0rc2-AULA\ades_lib\log4j-1.2.13.jar
  Installed version : 1.2.13
  Fixed version     : 2.16.0



  Path              : E:\Automa‡Æo\SASE_7.0.2\EditorSASE-7.0.2\lib\log4j-1.2.17.jar
  Installed version : 1.2.17
  Fixed version     : 2.16.0



  Path              : E:\Automa‡Æo\SASE_7.0.3\EditorSASE-7.0.3\lib\log4j-1.2.17.jar
  Installed version : 1.2.17
  Fixed version     : 2.16.0



  Path              : E:\Automa‡Æo\SASE_7.0.4\EditorSASE-7.0.4\lib\log4j-1.2.17.jar
  Installed version : 1.2.17
  Fixed version     : 2.16.0
"
10.64.82.57,p030241,13bd1817-ba2f-41ec-80c7-72f9dd3dbcdf,"'
  Path              : C:\Users\c047618\Desktop\COPEL\Desktop anterior\Desktop_Rafael\Documentos\CursoJAVA\java-e-oo\jbdevstudio10\studio\plugins\org.jboss.tools.openshift.client_3.3.0.Final-v20160902-1639-B14.jar
  Installed version : 1.2.17
  Fixed version     : 2.16.0



  Path              : C:\Users\c047618\Desktop\COPEL\Desktop anterior\Desktop_Rafael\Documentos\CursoJAVA\java-e-oo\jbdevstudio10\studio\plugins\org.jboss.tools.openshift.express.client_3.3.0.v20160607-2011.jar
  Installed version : 1.2.17
  Fixed version     : 2.16.0



  Path              : C:\Users\c047618\Desktop\COPEL\Desktop anterior\Desktop_Rafael\Documentos\CursoJAVA\java-e-oo\jbdevstudio10\studio\plugins\org.jboss.tools.hibernate.runtime.v_3_5_5.1.1.v20160613-0605.jar
  Installed version : 1.2.15
  Fixed version     : 2.16.0



  Path              : C:\Users\c047618\Desktop\COPEL\Desktop anterior\Desktop_Rafael\Documentos\CursoJAVA\java-e-oo\jbdevstudio10\studio\plugins\org.jboss.tools.hibernate.runtime.v_3_6_5.1.1.v20160613-0605.jar
  Installed version : 1.2.15
  Fixed version     : 2.16.0



  Path              : C:\Users\c047618\Desktop\COPEL\Desktop anterior\Desktop_Rafael\Documentos\CursoJAVA\java-e-oo\jbdevstudio10\studio\plugins\org.jboss.tools.ws.wise.ui_1.9.1.v20160608-0648.jar
  Installed version : 1.2.16
  Fixed version     : 2.16.0
"
10.240.66.245,p474345,14e82cc6-8562-4a33-85ec-a89d34e4af86,"'
  Path              : C:\APL\SigepWEB\Bkp\sigepcliente\lib\log4j-1.2.16.jar
  Installed version : 1.2.16
  Fixed version     : 2.16.0



  Path              : C:\APL\SigepWEB\sigepcliente\lib\log4j-1.2.16.jar
  Installed version : 1.2.16
  Fixed version     : 2.16.0
"
10.45.193.10,p489213,176bb25c-b8e3-4d2b-ba5e-c3ea735aaf43,"'
  Path              : C:\APL\SigepWEB\sigepcliente\lib\log4j-1.2.16.jar
  Installed version : 1.2.16
  Fixed version     : 2.16.0
"
10.219.0.173,p489266,17aa76cb-6382-410d-bd59-ff1de33914b2,"'
  Path              : C:\APL\SigepWEB\sigepcliente\lib\log4j-1.2.16.jar
  Installed version : 1.2.16
  Fixed version     : 2.16.0
"
10.212.129.155,p482835,1ae198ff-bdf5-4355-969d-22b70087ebd4,"'
  Path              : C:\APL\SigepWEB\Bkp\sigepcliente\lib\log4j-1.2.16.jar
  Installed version : 1.2.16
  Fixed version     : 2.16.0



  Path              : C:\APL\SigepWEB\sigepcliente\lib\log4j-1.2.16.jar
  Installed version : 1.2.16
  Fixed version     : 2.16.0
"
10.240.67.24,p523186,1b286741-b6ee-4dd8-87fc-39bf062617d6,"'
  Path              : C:\Program Files\DCS\SCE\6.200.10.0-build1\library\log4j\log4j-1.2.16.jar
  Installed version : 1.2.16
  Fixed version     : 2.16.0
"
10.237.65.181,p483069,1c0b47ae-f1fc-4a63-9480-b099897c7f82,"'
  Path              : C:\APL\SigepWEB\sigepcliente\lib\log4j-1.2.16.jar
  Installed version : 1.2.16
  Fixed version     : 2.16.0
"
10.64.129.157,p523919,2052c08f-50e0-4c17-97e7-8c758ed01acf,"'
  Path              : D:\RPE\DUE DILIGENCE\pdfsam\lib\log4j-1.2.15.jar
  Installed version : 1.2.15
  Fixed version     : 2.16.0
"
10.91.3.133,p523959,207bf1ee-f03f-4265-af84-8b0bbca96418,"'
  Path              : C:\Users\c048141\Desktop\sqldeveloper-4.0.3.16.84-x64\sqldeveloper\sqldeveloper\lib\log4j-1.2.13.jar
  Installed version : 1.2.13
  Fixed version     : 2.16.0
"
10.64.225.163,p487002,22c57800-75fa-4041-835f-5310d535499c,"'
  Path              : C:\APL\SigepWEB\Bkp\sigepcliente\lib\log4j-1.2.16.jar
  Installed version : 1.2.16
  Fixed version     : 2.16.0



  Path              : C:\APL\SigepWEB\sigepcliente\lib\log4j-1.2.16.jar
  Installed version : 1.2.16
  Fixed version     : 2.16.0
"
10.64.225.20,p488783,24310b1e-9cab-41dc-845d-f8ffa766ed04,"'
  Path              : C:\APL\SigepWEB\Bkp\sigepcliente\lib\log4j-1.2.16.jar
  Installed version : 1.2.16
  Fixed version     : 2.16.0



  Path              : C:\APL\SigepWEB\sigepcliente\lib\log4j-1.2.16.jar
  Installed version : 1.2.16
  Fixed version     : 2.16.0
"
10.100.130.37,p482582,24a8bbca-4116-4923-b46b-0a2d536d1175,"'
  Path              : C:\APL\SigepWEB\Bkp\sigepcliente\lib\log4j-1.2.16.jar
  Installed version : 1.2.16
  Fixed version     : 2.16.0



  Path              : C:\APL\SigepWEB\sigepcliente\lib\log4j-1.2.16.jar
  Installed version : 1.2.16
  Fixed version     : 2.16.0
"
10.212.193.151,p482777,255c46bf-5ecb-4e31-b180-76fa2d45b433,"'
  Path              : C:\APL\SigepWEB\Bkp\sigepcliente\lib\log4j-1.2.16.jar
  Installed version : 1.2.16
  Fixed version     : 2.16.0



  Path              : C:\APL\SigepWEB\sigepcliente\lib\log4j-1.2.16.jar
  Installed version : 1.2.16
  Fixed version     : 2.16.0
"
10.220.144.204,p522335,2646111e-6f7d-41a0-8385-e95bc4f3e203,"'
  Path              : C:\Temp\Ora12_32\stage\Components\oracle.dbdev\12.2.0.1.0\1\DataFiles\filegroup1.jar
  Installed version : 1.2.13
  Fixed version     : 2.16.0
"
10.236.69.57,p483062,270354e5-dd04-4f17-a0a5-2a11a3b6ed58,"'
  Path              : C:\APL\SigepWEB\sigepcliente\lib\log4j-1.2.16.jar
  Installed version : 1.2.16
  Fixed version     : 2.16.0
"
10.64.81.222,p000806,2707718c-086b-46fa-ad44-6f0fc7da0e87,"'
  Path              : C:\APL\SigepWEB\Bkp\sigepcliente\lib\log4j-1.2.16.jar
  Installed version : 1.2.16
  Fixed version     : 2.16.0



  Path              : C:\APL\SigepWEB\sigepcliente\lib\log4j-1.2.16.jar
  Installed version : 1.2.16
  Fixed version     : 2.16.0
"
10.240.66.173,p487567,291c379c-8062-4cd6-bef8-d937a83e1466,"'
  Path              : C:\APL\SigepWEB\Bkp\sigepcliente\lib\log4j-1.2.16.jar
  Installed version : 1.2.16
  Fixed version     : 2.16.0



  Path              : C:\APL\SigepWEB\sigepcliente\lib\log4j-1.2.16.jar
  Installed version : 1.2.16
  Fixed version     : 2.16.0



  Path              : C:\Users\c023319\PDF Split And Merge\lib\log4j-1.2.15.jar
  Installed version : 1.2.15
  Fixed version     : 2.16.0



  Path              : D:\BACKUP Ligia\PDF Split And Merge\lib\log4j-1.2.15.jar
  Installed version : 1.2.15
  Fixed version     : 2.16.0
"
10.212.129.165,p487449,2a79d78b-c1b9-4d85-b5d7-58e24b92ca52,"'
  Path              : C:\APL\SigepWEB\Bkp\sigepcliente\lib\log4j-1.2.16.jar
  Installed version : 1.2.16
  Fixed version     : 2.16.0



  Path              : C:\APL\SigepWEB\sigepcliente\lib\log4j-1.2.16.jar
  Installed version : 1.2.16
  Fixed version     : 2.16.0
"
10.50.17.2,p522446,2ad9b1dd-b2b3-4aa3-9aa8-26ff80b41835,"'
  Path              : D:\bkphp\william\Automa‡Æo\SAGE\CURSO_SAGE_DEZ_17\Base Fonte Curso\lib\java\log4j-1.2.14.jar
  Installed version : 1.2.14
  Fixed version     : 2.16.0



  Path              : D:\bkphp\william\Automa‡Æo\SAGE\CURSO_SAGE_DEZ_17\sage_28\lib\java\log4j-1.2.14.jar
  Installed version : 1.2.14
  Fixed version     : 2.16.0
"
10.64.82.30,p000832,2b3952af-9c1c-4125-b0e2-362d0a7efacc,"'
  Path              : C:\IBM\InformationServer_11.7.1\wlp\usr\servers\mis\apps\brokers.war
  Installed version : 1.2.17
  Fixed version     : 2.16.0



  Path              : C:\IBM\InformationServer_11.7.1\ASBNode\lib\java\log4j-1.2.17.jar
  Installed version : 1.2.17
  Fixed version     : 2.16.0



  Path              : C:\Users\c802703\Downloads\V980724-01\client\stage\Components\oracle.dbdev\12.2.0.1.0\1\DataFiles\filegroup1.jar
  Installed version : 1.2.13
  Fixed version     : 2.16.0



  Path              : C:\backup\auto_cis\LOG_SOLMAN\8000325286\war\WSObras.war
  Installed version : 1.2.14
  Fixed version     : 2.16.0



  Path              : C:\backup\auto_cis\atual\cis-wstrade\tomcat\webapps\WSTrade.war
  Installed version : 1.2.15
  Fixed version     : 2.16.0



  Path              : D:\Chamados\705839\CIS\pat_copel_230906c_E.tar\AgenciaSMSWeb.war
  Installed version : 1.2.8
  Fixed version     : 2.16.0



  Path              : D:\Chamados\718239\pat_copel_230906c_E.tar\AgenciaSMSWeb.war
  Installed version : 1.2.8
  Fixed version     : 2.16.0



  Path              : D:\backup\C\Downloads\V980724-01\client\stage\Components\oracle.dbdev\12.2.0.1.0\1\DataFiles\filegroup1.jar
  Installed version : 1.2.13
  Fixed version     : 2.16.0
"
10.240.67.30,p487499,2be1365a-4d9f-4b71-8941-50d98e969359,"'
  Path              : C:\APL\SigepWeb\sigepcliente\lib\log4j-1.2.16.jar
  Installed version : 1.2.16
  Fixed version     : 2.16.0
"
10.219.224.174,p522415,2bfef55b-3b5d-4d8a-96db-af0b37b2d53b,"'
  Path              : D:\Automa‡Æo\SASE_7.0.4\EditorSASE-7.0.4\lib\log4j-1.2.17.jar
  Installed version : 1.2.17
  Fixed version     : 2.16.0
"
10.64.225.160,p487015,2c225bf4-453d-4c93-b3d8-e162712e4f04,"'
  Path              : C:\APL\SigepWEB\Bkp\sigepcliente\lib\log4j-1.2.16.jar
  Installed version : 1.2.16
  Fixed version     : 2.16.0



  Path              : C:\APL\SigepWEB\sigepcliente\lib\log4j-1.2.16.jar
  Installed version : 1.2.16
  Fixed version     : 2.16.0
"
10.100.130.220,p483278,2d759278-b9e8-4c3e-95a6-d99f837d8cb6,"'
  Path              : C:\APL\SigepWEB\Bkp\sigepcliente\lib\log4j-1.2.16.jar
  Installed version : 1.2.16
  Fixed version     : 2.16.0



  Path              : C:\APL\SigepWEB\sigepcliente\lib\log4j-1.2.16.jar
  Installed version : 1.2.16
  Fixed version     : 2.16.0
"
10.65.1.81,p000811,2d94d8c3-78ae-45af-a370-af609db94637,"'
  Path              : D:\Mauricio_Neto_Local\2023\10_OUT\CargaBase_3.1\CargaBase\lib\cargabasebusiness-9.7RC.jar
  Installed version : 2.11.1
  Fixed version     : 2.12.3 / 2.17.0



  Path              : D:\Mauricio_Neto_Local\2023\10_OUT\CargaBase_3.1\CargaBase\lib\cargabasepersistence_6.2RC.jar
  Installed version : 2.11.1
  Fixed version     : 2.12.3 / 2.17.0
"
192.168.56.1,p489257,2d9874f9-46fb-430d-bb32-1b9ea1448f17,"'
  Path              : D:\Arquivos de Programas\EditorSASE-7.0.0-rev2-beta3\lib\log4j-1.2.17.jar
  Installed version : 1.2.17
  Fixed version     : 2.16.0



  Path              : D:\SASE7\Ades3.0.0_java_embutido\ades_lib\log4j-1.2.13.jar
  Installed version : 1.2.13
  Fixed version     : 2.16.0



  Path              : D:\SASE7\SASE_7.0.3\EditorSASE-7.0.3\lib\log4j-1.2.17.jar
  Installed version : 1.2.17
  Fixed version     : 2.16.0



  Path              : D:\SASE7\SASE_7.1.0\EditorSASE-7.1.0\lib\log4j-1.2.17.jar
  Installed version : 1.2.17
  Fixed version     : 2.16.0



  Path              : D:\SASE7\VERSåES\SASE_7.0.3\EditorSASE-7.0.3\lib\log4j-1.2.17.jar
  Installed version : 1.2.17
  Fixed version     : 2.16.0
"
10.64.18.85,p522380,2e036538-a975-4afe-a0cb-0ef2aaf4271c,"'
  Path              : C:\Temp\Oracle_12_32\stage\Components\oracle.dbdev\12.2.0.1.0\1\DataFiles\filegroup1.jar
  Installed version : 1.2.13
  Fixed version     : 2.16.0



  Path              : D:\SASE_7.0.3\EditorSASE-7.0.3\lib\log4j-1.2.17.jar
  Installed version : 1.2.17
  Fixed version     : 2.16.0



  Path              : D:\SASE_7.0.1\EditorSASE-7.0.1\lib\log4j-1.2.17.jar
  Installed version : 1.2.17
  Fixed version     : 2.16.0



  Path              : D:\SASE_7.0.2\EditorSASE-7.0.2\lib\log4j-1.2.17.jar
  Installed version : 1.2.17
  Fixed version     : 2.16.0



  Path              : D:\SASE_7.0.4\EditorSASE-7.0.4\lib\log4j-1.2.17.jar
  Installed version : 1.2.17
  Fixed version     : 2.16.0
"
10.64.50.10,p522143,2f4d3dce-5447-4aeb-87bc-00a406bdfec9,"'
  Path              : C:\Apl\OMNI\BAT\PRD\CargaLeitura\app\libs\log4j-core-2.8.2.jar
  Installed version : 2.8.2
  Fixed version     : 2.12.4
"
10.101.1.106,p488991,30daaf6b-4ea1-442e-ae9c-92dfdbaded4f,"'
  Path              : C:\APL\SigepWEB\sigepcliente\lib\log4j-1.2.16.jar
  Installed version : 1.2.16
  Fixed version     : 2.16.0
"
10.100.130.38,p487393,30f5f3b3-e996-4daf-8be8-76b9c0ab50f5,"'
  Path              : C:\APL\SigepWeb\sigepcliente\lib\log4j-1.2.16.jar
  Installed version : 1.2.16
  Fixed version     : 2.16.0
"
10.64.81.238,p030232,312b8438-3535-48ff-9d41-42f2f769c85b,"'
  Path              : C:\Program Files\NetBeans-12.3\netbeans\ide\modules\ext\log4j-1.2.15.jar
  Installed version : 1.2.15
  Fixed version     : 2.16.0
"
10.100.130.116,p487013,319efbc3-0559-42e7-b31b-8235a958d902,"'
  Path              : D:\ArqProg\sigepclient\sigepcliente\lib\log4j-1.2.16.jar
  Installed version : 1.2.16
  Fixed version     : 2.16.0
"
10.100.130.107,p483250,334db998-a38a-423f-94a4-0225fcbed253,"'
  Path              : C:\APL\OLD_SigepWEB\Bkp\sigepcliente\lib\log4j-1.2.16.jar
  Installed version : 1.2.16
  Fixed version     : 2.16.0



  Path              : C:\APL\OLD_SigepWEB\sigepcliente\lib\log4j-1.2.16.jar
  Installed version : 1.2.16
  Fixed version     : 2.16.0



  Path              : C:\APL\SigepWEB\Bkp\sigepcliente\lib\log4j-1.2.16.jar
  Installed version : 1.2.16
  Fixed version     : 2.16.0



  Path              : C:\APL\SigepWEB\sigepcliente\lib\log4j-1.2.16.jar
  Installed version : 1.2.16
  Fixed version     : 2.16.0
"
10.212.129.166,p480712,337b2eae-1edb-4e8c-b004-07fefb323159,"'
  Path              : C:\web\WEB-INF\lib\log4j-1.2.13.jar
  Installed version : 1.2.13
  Fixed version     : 2.16.0
"
10.59.209.163,p487097,3468d0e8-349b-4d8a-b749-74fc07179b7a,"'
  Path              : C:\Program Files (x86)\ACL Software\ACL for Windows 14\ACL App\lib\log4j-core-2.8.2.jar
  Installed version : 2.8.2
  Fixed version     : 2.12.2
"
10.213.96.150,p030164,3691eab4-3e2b-4799-a04c-7c90588c0c7d,"'
  Path              : C:\Users\c800967\Desktop\Curso Automa‡Æo SE\SASE\Executaveis\6.x.x.x\6.5.0.0\SDG\1.2.0\Editor\EditorSDG-1.4.2\lib\log4j-1.2.13.jar
  Installed version : 1.2.13
  Fixed version     : 2.16.0



  Path              : C:\Users\c800967\Documents\Backup Pend Drive Copel\Artur\U2000\client\engineering\product_msuiteclient\plugin_NBI_Plugins_1.1.0.jar
  Installed version : 1.2.14
  Fixed version     : 2.16.0



  Path              : C:\Users\c800967\Documents\Backup Pend Drive Copel\Artur\U2000\client\lib\3rd_tools\log4j-1.2.14.jar
  Installed version : 1.2.14
  Fixed version     : 2.16.0



  Path              : D:\F bia\SASE\Executaveis\6.x.x.x\6.5.0.0\SDG\1.2.0\Editor\EditorSDG-1.4.2\lib\log4j-1.2.13.jar
  Installed version : 1.2.13
  Fixed version     : 2.16.0
"
10.238.113.153,p489859,36da4e55-15a5-4b7c-87e0-52cf1f78124f,"'
  Path              : C:\web\WEB-INF\lib\log4j-1.2.13.jar
  Installed version : 1.2.13
  Fixed version     : 2.16.0
"
10.50.49.8,p522402,3718564c-8614-44ce-bcb1-23eee38ee7e4,"'
  Path              : D:\GERAL\SASE\6.5.0.0\SDG\1.2.0\Editor\EditorSDG-1.4.2\lib\log4j-1.2.13.jar
  Installed version : 1.2.13
  Fixed version     : 2.16.0
"
10.64.82.65,p471428,3b4c325a-ff39-4cee-8d0b-5196428a2361,"'
  Path              : C:\Program Files\PDF Split And Merge Basic\lib\log4j-1.2.15.jar
  Installed version : 1.2.15
  Fixed version     : 2.16.0
"
10.100.130.134,p488949,3b61ba94-58d7-4a2f-8e9a-ddc65e4f4fef,"'
  Path              : C:\APL\SigepWEB\sigepcliente\lib\log4j-1.2.16.jar
  Installed version : 1.2.16
  Fixed version     : 2.16.0
"
10.101.1.147,p483246,3c68c666-8e0d-49d6-8f8a-737296cef13e,"'
  Path              : C:\APL\SigepWEB\Bkp\sigepcliente\lib\log4j-1.2.16.jar
  Installed version : 1.2.16
  Fixed version     : 2.16.0



  Path              : C:\APL\SigepWEB\sigepcliente\lib\log4j-1.2.16.jar
  Installed version : 1.2.16
  Fixed version     : 2.16.0
"
10.64.66.83,p487126,3cc46e67-1229-4eb5-b2f6-be627c5855f6,"'
  Path              : C:\APL\SigepWEB\sigepcliente\lib\log4j-1.2.16.jar
  Installed version : 1.2.16
  Fixed version     : 2.16.0
"
10.65.1.81,p000811,409a4331-6850-4726-b067-d180ad3b575a,"'
  Path              : D:\Mauricio_Neto_Local\2023\10_OUT\CargaBase_3.1\CargaBase\lib\cargabasebusiness-9.7RC.jar
  Installed version : 2.11.1
  Fixed version     : 2.12.4



  Path              : D:\Mauricio_Neto_Local\2023\10_OUT\CargaBase_3.1\CargaBase\lib\cargabasepersistence_6.2RC.jar
  Installed version : 2.11.1
  Fixed version     : 2.12.4
"
10.249.49.161,tod506061,40c40d47-637b-4948-8eaa-4ba60badd763,"'
  Path              : D:\SASE\Executaveis\6.x.x.x\6.5.0.0\SDG\1.2.0\Editor\EditorSDG-1.4.2\lib\log4j-1.2.13.jar
  Installed version : 1.2.13
  Fixed version     : 2.16.0



  Path              : D:\Padroniza‡Æo\Padroniza‡Æo\Padroniza‡Æo de Descritivos\Ades3.0.0_java_embutido\ades_lib\log4j-1.2.13.jar
  Installed version : 1.2.13
  Fixed version     : 2.16.0



  Path              : D:\Padroniza‡Æo\Padroniza‡Æo\Padroniza‡Æo de Descritivos\Ades3.0.0\ades_lib\log4j-1.2.13.jar
  Installed version : 1.2.13
  Fixed version     : 2.16.0



  Path              : D:\Padroniza‡Æo\Padroniza‡Æo\Padroniza‡Æo de Descritivos\gerpADES\gerpADES_lib\log4j-1.2.13.jar
  Installed version : 1.2.13
  Fixed version     : 2.16.0



  Path              : D:\Padroniza‡Æo\SASE7\SASE_7.0.3\EditorSASE-7.0.3\lib\log4j-1.2.17.jar
  Installed version : 1.2.17
  Fixed version     : 2.16.0
"
10.236.128.211,p489862,4171fb4c-61b1-4a43-96ec-ddebd5d75654,"'
  Path              : C:\web\WEB-INF\lib\log4j-1.2.13.jar
  Installed version : 1.2.13
  Fixed version     : 2.16.0
"
10.64.145.219,p030067,4304f297-de52-476f-967b-55514af5f5aa,"'
  Path              : C:\APL\oss\client\engineering\product_msuiteclient\plugin_NBI_Plugins_1.1.0.jar
  Installed version : 1.2.14
  Fixed version     : 2.16.0
"
10.64.50.10,p522143,43682338-f815-4af1-8098-7488afe2a078,"'
  Path              : C:\Apl\OMNI\BAT\PRD\CargaLeitura\app\libs\log4j-core-2.8.2.jar
  Installed version : 2.8.2
  Fixed version     : 2.12.2
"
172.28.96.1,p523821,44311553-6195-43bd-8e9e-ee7de0aa4e8e,"'
  Path              : D:\Automa‡Æo\6.5.0.0\SDG\1.2.0\Editor\EditorSDG-1.4.2\lib\log4j-1.2.13.jar
  Installed version : 1.2.13
  Fixed version     : 2.16.0
"
10.100.130.184,p030066,4dc8aa7c-04ba-4350-b247-b1bd6812619f,"'
  Path              : C:\Users\c802865\Desktop\U2000V1R9copel\oss\client\engineering\product_msuiteclient\plugin_NBI_Plugins_1.1.0.jar
  Installed version : 1.2.14
  Fixed version     : 2.16.0



  Path              : C:\Users\c802865\Desktop\U2000V1R9copel\oss\client\lib\3rd_tools\log4j-1.2.14.jar
  Installed version : 1.2.14
  Fixed version     : 2.16.0



  Path              : D:\U2000V1R9copel\oss\client\engineering\product_msuiteclient\plugin_NBI_Plugins_1.1.0.jar
  Installed version : 1.2.14
  Fixed version     : 2.16.0



  Path              : D:\U2000V1R9copel\oss\client\lib\3rd_tools\log4j-1.2.14.jar
  Installed version : 1.2.14
  Fixed version     : 2.16.0
"
10.64.81.169,p010606,4e186f9e-dd49-43bc-b996-be7230cd5b28,"'
  Path              : E:\Forcepoint\app\log4j-core-2.14.0.jar
  Installed version : 2.14.0
  Fixed version     : 2.17.1
"
10.64.82.30,p000832,4f693c21-e775-4b83-9338-b2b679d707c1,"'
  Path              : C:\backup\auto_cis\8000327956\dir_war\AgenciaWeb.war
  Installed version : 2.16.0
  Fixed version     : 2.17.0



  Path              : C:\backup\auto_cis\8000328019\dir_war\AgenciaWeb.war
  Installed version : 2.16.0
  Fixed version     : 2.17.0



  Path              : C:\backup\auto_cis\LOG_SOLMAN\8000325286\war\AgenciaWeb.war
  Installed version : 2.16.0
  Fixed version     : 2.17.0



  Path              : C:\backup\auto_cis\LOG_SOLMAN\8000326013\patches2\cis\AgenciaWeb.war
  Installed version : 2.16.0
  Fixed version     : 2.17.0



  Path              : D:\Chamados\705839\CIS\pat_copel_231013b_E.tar\AgenciaWeb.war
  Installed version : 2.16.0
  Fixed version     : 2.17.0



  Path              : D:\Chamados\718239\pat_copel_231013b_E.tar\AgenciaWeb.war
  Installed version : 2.16.0
  Fixed version     : 2.17.0



  Path              : D:\Chamados\746570\CIS\pat_copel_231130d_E.tar\AgenciaWeb.war
  Installed version : 2.16.0
  Fixed version     : 2.17.0



  Path              : D:\Chamados\8000328731\dir_war\AgenciaWeb.war
  Installed version : 2.16.0
  Fixed version     : 2.17.0
"
192.192.192.15,p482992,4f6f4034-f56a-4506-a4e5-8f8d5471b2b0,"'
  Path              : C:\Users\c048934\Desktop\Arquivos de SASE\SASE_7.0.2\EditorSASE-7.0.2\lib\log4j-1.2.17.jar
  Installed version : 1.2.17
  Fixed version     : 2.16.0



  Path              : C:\Users\c048934\Desktop\Arquivos de SASE\SASE_7.0.2\SASE_7.0.2\EditorSASE-7.0.2\lib\log4j-1.2.17.jar
  Installed version : 1.2.17
  Fixed version     : 2.16.0
"
10.31.145.192,p030329,51f14bc7-590f-473b-8469-ccf71ca5cd18,"'
  Path              : C:\APL\OMNI\BAT\PRD\CargaLeitura\app\libs\log4j-core-2.8.2.jar
  Installed version : 2.8.2
  Fixed version     : 2.12.4
"
10.31.145.192,p030329,53788858-24d2-489f-9b9e-b7f34b36b97e,"'
  Path              : C:\Program Files (x86)\DmView\activemq\lib\optional\log4j-1.2.16.jar
  Installed version : 1.2.16
  Fixed version     : 2.16.0



  Path              : C:\Program Files (x86)\DmView\apacheds\lib\log4j-1.2.14.jar
  Installed version : 1.2.14
  Fixed version     : 2.16.0



  Path              : C:\Program Files (x86)\DmView\lib\log4j-1.2.15.jar
  Installed version : 1.2.15
  Fixed version     : 2.16.0



  Path              : C:\Program Files (x86)\DmView\trapd\lib\log4j-1.2.14.jar
  Installed version : 1.2.14
  Fixed version     : 2.16.0



  Path              : C:\Users\L042302\Downloads\activemq\lib\optional\log4j-1.2.16.jar
  Installed version : 1.2.16
  Fixed version     : 2.16.0



  Path              : C:\Users\L042302\Downloads\apacheds\lib\log4j-1.2.14.jar
  Installed version : 1.2.14
  Fixed version     : 2.16.0



  Path              : C:\Users\L042302\Downloads\lib\log4j-1.2.15.jar
  Installed version : 1.2.15
  Fixed version     : 2.16.0



  Path              : C:\Users\L042302\Downloads\trapd\lib\log4j-1.2.14.jar
  Installed version : 1.2.14
  Fixed version     : 2.16.0



  Path              : C:\Users\c042302\Documents\activemq\lib\optional\log4j-1.2.16.jar
  Installed version : 1.2.16
  Fixed version     : 2.16.0



  Path              : C:\Users\c042302\Documents\apacheds\lib\log4j-1.2.14.jar
  Installed version : 1.2.14
  Fixed version     : 2.16.0



  Path              : C:\Users\c042302\Documents\lib\log4j-1.2.15.jar
  Installed version : 1.2.15
  Fixed version     : 2.16.0



  Path              : C:\Users\c042302\Documents\trapd\lib\log4j-1.2.14.jar
  Installed version : 1.2.14
  Fixed version     : 2.16.0
"
192.168.56.1,p478342,54da4866-8d0d-4efb-87e6-7c38be2da79b,"'
  Path              : C:\Users\c046451\Documents\Ades3.0.0_java_embutido\ades_lib\log4j-1.2.13.jar
  Installed version : 1.2.13
  Fixed version     : 2.16.0



  Path              : C:\Users\c046451\Documents\Ades3.0.0\ades_lib\log4j-1.2.13.jar
  Installed version : 1.2.13
  Fixed version     : 2.16.0



  Path              : C:\Users\c046451\Documents\gerpADES\gerpADES_lib\log4j-1.2.13.jar
  Installed version : 1.2.13
  Fixed version     : 2.16.0
"
10.100.130.100,p470738,567ce02a-7c7a-42f9-ab79-f3e452d71f9f,"'
  Path              : C:\APL\SigepWEB\sigepcliente\lib\log4j-1.2.16.jar
  Installed version : 1.2.16
  Fixed version     : 2.16.0
"
10.100.130.16,p483270,586903ff-16b3-4b23-9595-3fd0a3fc5cbb,"'
  Path              : C:\APL\SigepWEB\Bkp\sigepcliente\lib\log4j-1.2.16.jar
  Installed version : 1.2.16
  Fixed version     : 2.16.0



  Path              : C:\APL\SigepWEB\sigepcliente\lib\log4j-1.2.16.jar
  Installed version : 1.2.16
  Fixed version     : 2.16.0
"
10.100.193.239,p483315,5b78c353-4c15-4e98-ba36-35ae36b19aea,"'
  Path              : C:\Users\T326016\Desktop\Olimpo\app\lib\log4j-1.2.17.jar
  Installed version : 1.2.17
  Fixed version     : 2.16.0



  Path              : E:\Olimpo\app\lib\log4j-1.2.17.jar
  Installed version : 1.2.17
  Fixed version     : 2.16.0
"
10.224.145.12,p519720,5bf39e6e-cd5d-463d-8043-0b0ead2a8150,"'
  Path              : C:\Users\c046165\Downloads\mpj-v0_44.tar\mpj-v0_44\lib\log4j-1.2.11.jar
  Installed version : 1.2.11
  Fixed version     : 2.16.0
"
192.168.56.1,p470035,5d2adf4d-f20f-4d7f-8d1b-36ed52e319d6,"'
  Path              : E:\2 SINAP\CargaBase_3.1\CargaBase\lib\log4j-core-2.11.1.jar
  Installed version : 2.11.1
  Fixed version     : 2.12.2
"
192.168.56.1,p470035,5d66b6b2-2c2d-4356-9370-4d6a5f5724d6,"'
  Path              : E:\2 SINAP\CargaBase_3.1\CargaBase\lib\log4j-core-2.11.1.jar
  Installed version : 2.11.1
  Fixed version     : 2.12.4
"
10.64.226.52,p483532,5e00c235-a4e3-4d07-98c2-ea734098b3ca,"'
  Path              : D:\Copel\Curso SASE7\SASE_7.0.0\SASE_7.0.0\EditorSASE-7.0.0\lib\log4j-1.2.17.jar
  Installed version : 1.2.17
  Fixed version     : 2.16.0
"
10.64.82.25,p487171,5ed7d243-5cb6-4e5e-a566-b1ad49239460,"'
  Path              : D:\NÆo listados\Ticket_626424\CargaLeitura\app\libs\log4j-core-2.8.2.jar
  Installed version : 2.8.2
  Fixed version     : 2.12.3 / 2.17.0
"
10.100.145.228,p489241,5ff2ea39-54d2-45ee-ad63-cb781b8e07ff,"'
  Path              : C:\APL\SigepWEB\Bkp\sigepcliente\lib\log4j-1.2.16.jar
  Installed version : 1.2.16
  Fixed version     : 2.16.0



  Path              : C:\APL\SigepWEB\sigepcliente\lib\log4j-1.2.16.jar
  Installed version : 1.2.16
  Fixed version     : 2.16.0
"
10.100.130.140,p483266,64e69334-01a8-4a2f-bf47-f64437ba5163,"'
  Path              : C:\APL\SigepWEB\Bkp\sigepcliente\lib\log4j-1.2.16.jar
  Installed version : 1.2.16
  Fixed version     : 2.16.0



  Path              : C:\APL\SigepWEB\sigepcliente\lib\log4j-1.2.16.jar
  Installed version : 1.2.16
  Fixed version     : 2.16.0
"
192.192.192.15,p522890,64ef562c-8e0b-415f-b50e-5d1552b21d2d,"'
  Path              : D:\OneDrive - copel.com\eDNOS\Automa‡Ćo\SASE7\SASE_7.0.1\EditorSASE-7.0.1\lib\log4j-1.2.17.jar
  Installed version : 1.2.17
  Fixed version     : 2.16.0



  Path              : D:\OneDrive - copel.com\eDNOS\Automa‡Ćo\SASE7\SASE_7.0.2\EditorSASE-7.0.2\lib\log4j-1.2.17.jar
  Installed version : 1.2.17
  Fixed version     : 2.16.0



  Path              : D:\OneDrive - copel.com\zTreinamentos\SAGE_DEZ_17\Base Fonte Curso\lib\java\log4j-1.2.14.jar
  Installed version : 1.2.14
  Fixed version     : 2.16.0



  Path              : D:\OneDrive - copel.com\zTreinamentos\SASE7_SET_2020\SASE_7.0.2\EditorSASE-7.0.2\lib\log4j-1.2.17.jar
  Installed version : 1.2.17
  Fixed version     : 2.16.0



  Path              : D:\OneDrive - copel.com\zTreinamentos\SASE_SET_2017\SASE\Executaveis\6.x.x.x\6.5.0.0\SDG\1.2.0\Editor\EditorSDG-1.4.2\lib\log4j-1.2.13.jar
  Installed version : 1.2.13
  Fixed version     : 2.16.0



  Path              : D:\OneDrive - copel.com\zTreinamentos\SASE_SET_2017\instalacao\6.5.0.0\SDG\1.2.0\Editor\EditorSDG-1.4.2\lib\log4j-1.2.13.jar
  Installed version : 1.2.13
  Fixed version     : 2.16.0
"
10.100.131.203,p489051,657c9ce1-f615-4e12-b6d4-9a451681e848,"'
  Path              : C:\APL\SigepWEB\Bkp\sigepcliente\lib\log4j-1.2.16.jar
  Installed version : 1.2.16
  Fixed version     : 2.16.0



  Path              : C:\APL\SigepWEB\sigepcliente\lib\log4j-1.2.16.jar
  Installed version : 1.2.16
  Fixed version     : 2.16.0
"
10.236.67.198,p489856,67b11d42-33cd-479f-8003-830cdd38d761,"'
  Path              : C:\web\WEB-INF\lib\log4j-1.2.13.jar
  Installed version : 1.2.13
  Fixed version     : 2.16.0
"
10.240.209.13,p480723,68520308-9106-48a7-90a3-f5a2a9b111ed,"'
  Path              : C:\web\WEB-INF\lib\log4j-1.2.13.jar
  Installed version : 1.2.13
  Fixed version     : 2.16.0
"
10.240.66.114,p487539,6965ffc1-9931-4ea4-9c5b-bacfc39bacfe,"'
  Path              : C:\APL\SigepWEB\Bkp\sigepcliente\lib\log4j-1.2.16.jar
  Installed version : 1.2.16
  Fixed version     : 2.16.0



  Path              : C:\APL\SigepWEB\sigepcliente\lib\log4j-1.2.16.jar
  Installed version : 1.2.16
  Fixed version     : 2.16.0
"
10.236.68.230,p487373,69816266-55d2-483a-b373-76c8c32ab097,"'
  Path              : C:\APL\SigepWEB\sigepcliente\lib\log4j-1.2.16.jar
  Installed version : 1.2.16
  Fixed version     : 2.16.0
"
192.168.15.153,p522354,6a640ccd-9347-4b3c-921d-82a5113e3db2,"'
  Path              : C:\Cepel\Anarede\V110402\lib\java\log4j-1.2.14.jar
  Installed version : 1.2.14
  Fixed version     : 2.16.0



  Path              : C:\Cepel\Anarede\V110505\lib\java\log4j-1.2.14.jar
  Installed version : 1.2.14
  Fixed version     : 2.16.0



  Path              : C:\Cepel\Anarede\V110700\lib\java\log4j-1.2.14.jar
  Installed version : 1.2.14
  Fixed version     : 2.16.0
"
10.100.130.129,p489400,6dcf9681-c81d-44c0-90e1-b41776647f6b,"'
  Path              : C:\APL\SigepWEB\Bkp\sigepcliente\lib\log4j-1.2.16.jar
  Installed version : 1.2.16
  Fixed version     : 2.16.0



  Path              : C:\APL\SigepWEB\sigepcliente\lib\log4j-1.2.16.jar
  Installed version : 1.2.16
  Fixed version     : 2.16.0
"
10.216.66.145,p483705,6e1a9a20-9ea7-4fc2-a4e2-1794874185af,"'
  Path              : D:\BackUp\Pasta pessoal\Programa‡Æo\Android\Arquivos que peguei do Douglas\old\cmt 21-03-19\cmt\WebContent\WEB-INF\lib\log4j-1.2.15.jar
  Installed version : 1.2.15
  Fixed version     : 2.16.0
"
10.240.67.179,p487415,6f355408-e042-4112-ae34-2dbab3812865,"'
  Path              : C:\APL\SigepWEB\Bkp\sigepcliente\lib\log4j-1.2.16.jar
  Installed version : 1.2.16
  Fixed version     : 2.16.0



  Path              : C:\APL\SigepWEB\sigepcliente\lib\log4j-1.2.16.jar
  Installed version : 1.2.16
  Fixed version     : 2.16.0
"
10.64.225.78,p489426,6fb711f2-e56c-4dab-9e00-2ae93661657d,"'
  Path              : C:\APL\SigepWEB\Bkp\sigepcliente\lib\log4j-1.2.16.jar
  Installed version : 1.2.16
  Fixed version     : 2.16.0



  Path              : C:\APL\SigepWEB\sigepcliente\lib\log4j-1.2.16.jar
  Installed version : 1.2.16
  Fixed version     : 2.16.0
"
10.64.66.27,p030102,7041cf35-ce4b-47ad-9541-c8d7b24e8e1e,"'
  Path              : C:\APL\SigepWEB.old\Bkp\sigepcliente\lib\log4j-1.2.16.jar
  Installed version : 1.2.16
  Fixed version     : 2.16.0



  Path              : C:\APL\SigepWEB.old\sigepcliente\lib\log4j-1.2.16.jar
  Installed version : 1.2.16
  Fixed version     : 2.16.0



  Path              : C:\APL\SigepWEB\sigepcliente\lib\log4j-1.2.16.jar
  Installed version : 1.2.16
  Fixed version     : 2.16.0
"
10.100.131.118,p030334,7049e197-f4aa-4e24-b39f-3589f059b709,"'
  Path              : C:\APL\SigepWEB\sigepcliente\lib\log4j-1.2.16.jar
  Installed version : 1.2.16
  Fixed version     : 2.16.0
"
10.100.130.225,p470856,7276dbe0-199d-439d-a81f-af586b88d1a0,"'
  Path              : D:\Copel (Engenheiro)\Diretoria CTFR (ex-CER)\Parcerias (Relatios)\Parceria RPE (BENTO-MIGUEL;CUTIA)\pdfsam\lib\log4j-1.2.15.jar
  Installed version : 1.2.15
  Fixed version     : 2.16.0
"
10.100.132.60,p488798,7377fc1f-68f0-4697-8f4c-2976a31b078e,"'
  Path              : C:\APL\SigepWEB\sigepcliente\lib\log4j-1.2.16.jar
  Installed version : 1.2.16
  Fixed version     : 2.16.0
"
10.236.241.4,p489861,7466f26f-0782-4830-9ad4-506fa5254621,"'
  Path              : C:\web\WEB-INF\lib\log4j-1.2.13.jar
  Installed version : 1.2.13
  Fixed version     : 2.16.0
"
10.64.82.30,p000832,74906da8-19e2-4a68-a748-e27100eb5a4a,"'
  Path              : C:\backup\auto_cis\8000327956\dir_war\AgenciaWeb.war
  Installed version : 2.16.0
  Fixed version     : 2.17.1



  Path              : C:\backup\auto_cis\8000328019\dir_war\AgenciaWeb.war
  Installed version : 2.16.0
  Fixed version     : 2.17.1



  Path              : C:\backup\auto_cis\LOG_SOLMAN\8000325286\war\AgenciaWeb.war
  Installed version : 2.16.0
  Fixed version     : 2.17.1



  Path              : C:\backup\auto_cis\LOG_SOLMAN\8000326013\patches2\cis\AgenciaWeb.war
  Installed version : 2.16.0
  Fixed version     : 2.17.1



  Path              : D:\Chamados\705839\CIS\pat_copel_231013b_E.tar\AgenciaWeb.war
  Installed version : 2.16.0
  Fixed version     : 2.17.1



  Path              : D:\Chamados\718239\pat_copel_231013b_E.tar\AgenciaWeb.war
  Installed version : 2.16.0
  Fixed version     : 2.17.1



  Path              : D:\Chamados\746570\CIS\pat_copel_231130d_E.tar\AgenciaWeb.war
  Installed version : 2.16.0
  Fixed version     : 2.17.1



  Path              : D:\Chamados\8000328731\dir_war\AgenciaWeb.war
  Installed version : 2.16.0
  Fixed version     : 2.17.1
"
10.128.225.202,p030322,753290b8-cfd2-4da0-aaf4-8033c1617d0f,"'
  Path              : C:\APL\oss\client\engineering\product_msuiteclient\plugin_NBI_Plugins_1.1.0.jar
  Installed version : 1.2.14
  Fixed version     : 2.16.0
"
192.168.0.152,p523748,78621da3-c540-420f-a564-ed1a2d20d0d7,"'
  Path              : C:\APL\OMNI\BAT\PRD\CargaLeitura\app\libs\log4j-core-2.8.2.jar
  Installed version : 2.8.2
  Fixed version     : 2.12.2
"
10.240.66.116,p482855,790c28da-f623-4bac-ad75-d940d951ef74,"'
  Path              : C:\APL\SigepWEB\sigepcliente\lib\log4j-1.2.16.jar
  Installed version : 1.2.16
  Fixed version     : 2.16.0
"
192.168.5.94,p522434,7a9f7598-6dae-46b5-aebc-c25198d9d330,"'
  Path              : C:\Users\c041660\Desktop\SASE 7\7.x.x.x\SASE_7.0.0-rc2\EditorSASE-7.0.0-rc2\lib\log4j-1.2.17.jar
  Installed version : 1.2.17
  Fixed version     : 2.16.0



  Path              : C:\Users\c041660\Desktop\SASE 7\nas\SASE_7.0.1_release\SASE_7.0.1\EditorSASE-7.0.1\lib\log4j-1.2.17.jar
  Installed version : 1.2.17
  Fixed version     : 2.16.0



  Path              : C:\Users\c041660\Desktop\sase7\7.x.x.x\SASE_7.0.0-rc2\EditorSASE-7.0.0-rc2\lib\log4j-1.2.17.jar
  Installed version : 1.2.17
  Fixed version     : 2.16.0



  Path              : E:\Automa‡Æo\Padroniza‡Æo de Descritivos\Ades3.0.0\ades_lib\log4j-1.2.13.jar
  Installed version : 1.2.13
  Fixed version     : 2.16.0



  Path              : E:\Automa‡Æo\Treinamentos\Curso_Sase_2017\Schier_2017\pen_drive\instalacao\6.5.0.0\SDG\1.2.0\Editor\EditorSDG-1.4.2\lib\log4j-1.2.13.jar
  Installed version : 1.2.13
  Fixed version     : 2.16.0
"
10.45.160.209,p489848,7abb9e0f-fa5a-48df-b3d5-fd4e3ffcfc5f,"'
  Path              : C:\web\WEB-INF\lib\log4j-1.2.13.jar
  Installed version : 1.2.13
  Fixed version     : 2.16.0
"
192.192.192.15,p487376,7b44c32f-eca4-4f8d-b28b-4404cdc77fb9,"'
  Path              : C:\Users\c043312\Documents\SALVAR\Automa‡Æo\Instala‡Æo\6.5.0.0\SDG\1.2.0\Editor\EditorSDG-1.4.2\lib\log4j-1.2.13.jar
  Installed version : 1.2.13
  Fixed version     : 2.16.0



  Path              : D:\Arquivos DIS\Automacao\Padroniza‡Æo\Padroniza‡Æo de Descritivos\Ades3.0.0_java_embutido\ades_lib\log4j-1.2.13.jar
  Installed version : 1.2.13
  Fixed version     : 2.16.0



  Path              : D:\Arquivos DIS\Automacao\Padroniza‡Æo\Padroniza‡Æo de Descritivos\Ades3.0.0\ades_lib\log4j-1.2.13.jar
  Installed version : 1.2.13
  Fixed version     : 2.16.0



  Path              : D:\Arquivos DIS\Automacao\Padroniza‡Æo\Padroniza‡Æo de Descritivos\gerpADES\gerpADES_lib\log4j-1.2.13.jar
  Installed version : 1.2.13
  Fixed version     : 2.16.0
"
10.100.131.194,p489052,7ccc5d16-c621-417b-8a78-074609960abd,"'
  Path              : C:\APL\SigepWEB\Bkp\sigepcliente\lib\log4j-1.2.16.jar
  Installed version : 1.2.16
  Fixed version     : 2.16.0



  Path              : C:\APL\SigepWEB\sigepcliente\lib\log4j-1.2.16.jar
  Installed version : 1.2.16
  Fixed version     : 2.16.0
"
10.65.1.81,p000811,7d4f8e35-cf4d-470c-9fb4-e0c1be511bbf,"'
  Path              : D:\Mauricio_Neto_Local\2023\10_OUT\CargaBase_3.1\CargaBase\lib\cargabasebusiness-9.7RC.jar
  Installed version : 2.11.1
  Fixed version     : 2.12.2



  Path              : D:\Mauricio_Neto_Local\2023\10_OUT\CargaBase_3.1\CargaBase\lib\cargabasepersistence_6.2RC.jar
  Installed version : 2.11.1
  Fixed version     : 2.12.2
"
10.100.193.109,p524322,7da0acbc-2476-4b34-bcf9-76410eaac90c,"'
  Path              : C:\Program Files\PDF Split And Merge Basic\lib\log4j-1.2.15.jar
  Installed version : 1.2.15
  Fixed version     : 2.16.0
"
10.100.194.17,p483316,7de7ae4a-ec0c-4fbb-a81b-84cf15107b5a,"'
  Path              : C:\Temp\Olimpo\app\lib\log4j-1.2.17.jar
  Installed version : 1.2.17
  Fixed version     : 2.16.0
"
10.26.129.155,p522379,7dec8174-1f05-4ab1-833b-fdb1d23f1fc1,"'
  Path              : D:\OneDrive - copel.com\D\Copel\Novo SASE\SASE_7.0.3_b202206221617\EditorSASE-7.0.3\lib\log4j-1.2.17.jar
  Installed version : 1.2.17
  Fixed version     : 2.16.0



  Path              : D:\OneDrive - copel.com\D\Copel\Novo SASE\SASE_7.0.3\EditorSASE-7.0.3\lib\log4j-1.2.17.jar
  Installed version : 1.2.17
  Fixed version     : 2.16.0



  Path              : D:\OneDrive - copel.com\D\Copel\Novo SASE\SASE_7.0.0-beta1\EditorSASE-7.0.0-beta1\lib\log4j-1.2.17.jar
  Installed version : 1.2.17
  Fixed version     : 2.16.0



  Path              : D:\OneDrive - copel.com\D\Copel\Novo SASE\SASE_7.0.0-beta2\EditorSASE-7.0.0-beta2\lib\log4j-1.2.17.jar
  Installed version : 1.2.17
  Fixed version     : 2.16.0



  Path              : D:\OneDrive - copel.com\D\Copel\Novo SASE\SASE_7.0.0-rc2\EditorSASE-7.0.0-rc2\lib\log4j-1.2.17.jar
  Installed version : 1.2.17
  Fixed version     : 2.16.0



  Path              : D:\OneDrive - copel.com\D\Copel\Novo SASE\SASE_7.0.0-rev2-alfa1\EditorSASE-7.0.0-rev2-alfa1\lib\log4j-1.2.17.jar
  Installed version : 1.2.17
  Fixed version     : 2.16.0



  Path              : D:\OneDrive - copel.com\D\Copel\Novo SASE\SASE_7.0.0-rev2-beta4\EditorSASE-7.0.0-rev2-beta4\lib\log4j-1.2.17.jar
  Installed version : 1.2.17
  Fixed version     : 2.16.0



  Path              : D:\OneDrive - copel.com\D\Copel\Novo SASE\SASE_7.0.0-rev2-beta5\EditorSASE-7.0.0-rev2-beta5\lib\log4j-1.2.17.jar
  Installed version : 1.2.17
  Fixed version     : 2.16.0



  Path              : D:\OneDrive - copel.com\D\Copel\Novo SASE\SASE_7.0.0-rev2-beta1\EditorSASE-7.0.0-rev2-beta1\lib\log4j-1.2.17.jar
  Installed version : 1.2.17
  Fixed version     : 2.16.0



  Path              : D:\OneDrive - copel.com\D\Copel\Novo SASE\SASE_7.0.0-rev2-beta2\EditorSASE-7.0.0-rev2-beta2\lib\log4j-1.2.17.jar
  Installed version : 1.2.17
  Fixed version     : 2.16.0



  Path              : D:\OneDrive - copel.com\D\Copel\Novo SASE\SASE_7.0.0-rev2-beta3\EditorSASE-7.0.0-rev2-beta3\lib\log4j-1.2.17.jar
  Installed version : 1.2.17
  Fixed version     : 2.16.0



  Path              : D:\OneDrive - copel.com\D\Copel\Novo SASE\SASE_7.0.0-rev2-rc1\EditorSASE-7.0.0-rev2-rc1\lib\log4j-1.2.17.jar
  Installed version : 1.2.17
  Fixed version     : 2.16.0



  Path              : D:\OneDrive - copel.com\D\Copel\Novo SASE\SASE_7.0.1\EditorSASE-7.0.1\lib\log4j-1.2.17.jar
  Installed version : 1.2.17
  Fixed version     : 2.16.0



  Path              : D:\OneDrive - copel.com\D\Copel\Novo SASE\SASE_7.0.2-Editor_CSV\lib\log4j-1.2.17.jar
  Installed version : 1.2.17
  Fixed version     : 2.16.0



  Path              : D:\OneDrive - copel.com\D\Copel\Novo SASE\SASE_7.0.2\EditorSASE-7.0.2\lib\log4j-1.2.17.jar
  Installed version : 1.2.17
  Fixed version     : 2.16.0



  Path              : D:\OneDrive - copel.com\D\Copel\Novo SASE\SASE_0.15.1\EditorSASE-0.15.1\lib\log4j-1.2.17.jar
  Installed version : 1.2.17
  Fixed version     : 2.16.0



  Path              : D:\OneDrive - copel.com\D\Copel\Novo SASE\SASE_0.13.6\EditorSASE-0.13.6\lib\log4j-1.2.17.jar
  Installed version : 1.2.17
  Fixed version     : 2.16.0



  Path              : D:\OneDrive - copel.com\D\Copel\Novo SASE\SASE_0.13.8\EditorSASE-0.13.8\lib\log4j-1.2.17.jar
  Installed version : 1.2.17
  Fixed version     : 2.16.0



  Path              : D:\OneDrive - copel.com\D\Copel\Padroniza‡Æo\gerpADES\gerpADES_lib\log4j-1.2.13.jar
  Installed version : 1.2.13
  Fixed version     : 2.16.0
"
10.240.67.48,p487560,7e36bd8a-babd-41eb-8d9f-2a0d21296deb,"'
  Path              : C:\APL\SigepWEB\Bkp\sigepcliente\lib\log4j-1.2.16.jar
  Installed version : 1.2.16
  Fixed version     : 2.16.0



  Path              : C:\APL\SigepWEB\sigepcliente\lib\log4j-1.2.16.jar
  Installed version : 1.2.16
  Fixed version     : 2.16.0
"
10.100.131.26,p488779,7f298699-745b-40e2-99f0-4db0591cbfc8,"'
  Path              : C:\APL\SigepWEB\Bkp\sigepcliente\lib\log4j-1.2.16.jar
  Installed version : 1.2.16
  Fixed version     : 2.16.0



  Path              : C:\APL\SigepWEB\sigepcliente\lib\log4j-1.2.16.jar
  Installed version : 1.2.16
  Fixed version     : 2.16.0



  Path              : C:\APL\SigepWEBold\Bkp\sigepcliente\lib\log4j-1.2.16.jar
  Installed version : 1.2.16
  Fixed version     : 2.16.0



  Path              : C:\APL\SigepWEBold\sigepcliente\lib\log4j-1.2.16.jar
  Installed version : 1.2.16
  Fixed version     : 2.16.0



  Path              : C:\Users\c050073\.m2\repository\log4j\log4j\1.2.12\log4j-1.2.12.jar
  Installed version : 1.2.12
  Fixed version     : 2.16.0



  Path              : C:\Users\c050073\.m2\repository\log4j\log4j\1.2.14\log4j-1.2.14.jar
  Installed version : 1.2.14
  Fixed version     : 2.16.0



  Path              : C:\Users\c050073\devstudio\studio\configuration\org.eclipse.osgi\934\0\.cp\lib\log4j-1.2.15.jar
  Installed version : 1.2.15
  Fixed version     : 2.16.0



  Path              : C:\Users\c050073\devstudio\studio\configuration\org.eclipse.osgi\935\0\.cp\lib\log4j-1.2.15.jar
  Installed version : 1.2.15
  Fixed version     : 2.16.0



  Path              : C:\Users\c050073\devstudio\studio\configuration\org.eclipse.osgi\978\0\.cp\lib\log4j-1.2.17.jar
  Installed version : 1.2.17
  Fixed version     : 2.16.0



  Path              : C:\Users\c050073\devstudio\studio\plugins\org.jboss.tools.openshift.client_3.5.2.Final-v20180928-1232-B3916.jar
  Installed version : 1.2.17
  Fixed version     : 2.16.0



  Path              : C:\Users\c050073\devstudio\studio\plugins\org.jboss.tools.hibernate.runtime.v_3_5_5.4.2.v20180913-1147.jar
  Installed version : 1.2.15
  Fixed version     : 2.16.0



  Path              : C:\Users\c050073\devstudio\studio\plugins\org.jboss.tools.hibernate.runtime.v_3_6_5.4.2.v20180913-1147.jar
  Installed version : 1.2.15
  Fixed version     : 2.16.0



  Path              : C:\Users\c050073\devstudio\studio\plugins\org.jboss.tools.hibernate.runtime.v_4_0_5.4.2.v20180913-1147\lib\log4j-1.2.15.jar
  Installed version : 1.2.15
  Fixed version     : 2.16.0



  Path              : C:\Users\c050073\devstudio\studio\plugins\org.jboss.tools.ws.wise.ui_2.0.101.v20180807-1807.jar
  Installed version : 1.2.16
  Fixed version     : 2.16.0



  Path              : D:\DSV\Eclipse\studio\configuration\org.eclipse.osgi\934\0\.cp\lib\log4j-1.2.15.jar
  Installed version : 1.2.15
  Fixed version     : 2.16.0



  Path              : D:\DSV\Eclipse\studio\configuration\org.eclipse.osgi\935\0\.cp\lib\log4j-1.2.15.jar
  Installed version : 1.2.15
  Fixed version     : 2.16.0



  Path              : D:\DSV\Eclipse\studio\configuration\org.eclipse.osgi\978\0\.cp\lib\log4j-1.2.17.jar
  Installed version : 1.2.17
  Fixed version     : 2.16.0



  Path              : D:\DSV\Eclipse\studio\plugins\org.jboss.tools.openshift.client_3.5.2.Final-v20180928-1232-B3916.jar
  Installed version : 1.2.17
  Fixed version     : 2.16.0



  Path              : D:\DSV\Eclipse\studio\plugins\org.jboss.tools.hibernate.runtime.v_3_5_5.4.2.v20180913-1147.jar
  Installed version : 1.2.15
  Fixed version     : 2.16.0



  Path              : D:\DSV\Eclipse\studio\plugins\org.jboss.tools.hibernate.runtime.v_3_6_5.4.2.v20180913-1147.jar
  Installed version : 1.2.15
  Fixed version     : 2.16.0



  Path              : D:\DSV\Eclipse\studio\plugins\org.jboss.tools.hibernate.runtime.v_4_0_5.4.2.v20180913-1147\lib\log4j-1.2.15.jar
  Installed version : 1.2.15
  Fixed version     : 2.16.0



  Path              : D:\DSV\Eclipse\studio\plugins\org.jboss.tools.ws.wise.ui_2.0.101.v20180807-1807.jar
  Installed version : 1.2.16
  Fixed version     : 2.16.0
"
10.212.129.171,p482886,7f9f99ac-5a7a-4073-a034-ee3211223a03,"'
  Path              : C:\Users\c051052\Desktop\Padroniza‡Æo de Descritivos\Ades3.0.0\ades_lib\log4j-1.2.13.jar
  Installed version : 1.2.13
  Fixed version     : 2.16.0



  Path              : C:\Users\c051052\Desktop\Padroniza‡Æo de Descritivos\Ades3.0.0_java_embutido\ades_lib\log4j-1.2.13.jar
  Installed version : 1.2.13
  Fixed version     : 2.16.0



  Path              : C:\Users\c051052\Desktop\Padroniza‡Æo de Descritivos\gerpADES\gerpADES_lib\log4j-1.2.13.jar
  Installed version : 1.2.13
  Fixed version     : 2.16.0
"
10.64.81.255,p003062,81e7fcbc-f766-4680-8272-0c7427017c28,"'
  Path              : D:\SASE\SASE_7.0.4\EditorSASE-7.0.4\lib\log4j-1.2.17.jar
  Installed version : 1.2.17
  Fixed version     : 2.16.0



  Path              : D:\SASE\SASE_7.0.0\EditorSASE-7.0.0\lib\log4j-1.2.17.jar
  Installed version : 1.2.17
  Fixed version     : 2.16.0



  Path              : D:\SASE\SASE_7.1.0\SASE_7.1.0\EditorSASE-7.1.0\lib\log4j-1.2.17.jar
  Installed version : 1.2.17
  Fixed version     : 2.16.0
"
192.168.56.1,p470035,8239d23f-99f3-47cb-af04-80add136a08c,"'
  Path              : E:\2 SINAP\CargaBase_3.1\CargaBase\lib\log4j-core-2.11.1.jar
  Installed version : 2.11.1
  Fixed version     : 2.12.3 / 2.17.0
"
10.64.82.25,p487171,833a96c8-4b34-4ef0-9bb0-7a97d61a30f1,"'
  Path              : D:\NÆo listados\Ticket_626424\CargaLeitura\app\libs\log4j-core-2.8.2.jar
  Installed version : 2.8.2
  Fixed version     : 2.12.4
"
10.208.67.65,p482569,851a995a-cfdf-4c9b-bd51-7ef9629bb2c3,"'
  Path              : C:\APL\SigepWEB\Bkp\sigepcliente\lib\log4j-1.2.16.jar
  Installed version : 1.2.16
  Fixed version     : 2.16.0



  Path              : C:\APL\SigepWEB\sigepcliente\lib\log4j-1.2.16.jar
  Installed version : 1.2.16
  Fixed version     : 2.16.0
"
10.240.67.42,p487514,85f24842-e9ee-459c-b3fc-dc3725c8d336,"'
  Path              : C:\APL\SigepWEB\Bkp\sigepcliente\lib\log4j-1.2.16.jar
  Installed version : 1.2.16
  Fixed version     : 2.16.0



  Path              : C:\APL\SigepWEB\sigepcliente\lib\log4j-1.2.16.jar
  Installed version : 1.2.16
  Fixed version     : 2.16.0
"
10.31.145.192,p030329,87443830-4dae-448d-9ab6-bc6ce9d74feb,"'
  Path              : C:\APL\OMNI\BAT\PRD\CargaLeitura\app\libs\log4j-core-2.8.2.jar
  Installed version : 2.8.2
  Fixed version     : 2.12.2
"
10.100.194.65,p030055,87c94165-f462-4d35-9cf6-1ad4ca0c861f,"'
  Path              : C:\APL\U2000V1R9copel\oss\client\engineering\product_msuiteclient\plugin_NBI_Plugins_1.1.0.jar
  Installed version : 1.2.14
  Fixed version     : 2.16.0



  Path              : C:\APL\U2000V1R9copel\oss\client\lib\3rd_tools\log4j-1.2.14.jar
  Installed version : 1.2.14
  Fixed version     : 2.16.0
"
10.240.66.45,p488012,87ff583a-3502-4e7e-8bb0-ffdc776afcf8,"'
  Path              : C:\APL\SigepWEB\sigepcliente\lib\log4j-1.2.16.jar
  Installed version : 1.2.16
  Fixed version     : 2.16.0
"
10.100.130.245,p488842,88fb5f3c-8488-4669-b9eb-65a3434b41bc,"'
  Path              : C:\APL\SigepWEB\sigepcliente\lib\log4j-1.2.16.jar
  Installed version : 1.2.16
  Fixed version     : 2.16.0
"
10.64.81.169,p010606,8981257c-64f7-4464-bb90-f3724065fdd1,"'
  Path              : E:\Forcepoint\app\log4j-core-2.14.0.jar
  Installed version : 2.14.0
  Fixed version     : 2.17.0
"
10.64.209.88,p483737,8a6efcec-a90f-40f6-9db1-7cf29a5f0322,"'
  Path              : D:\Ora12_32\stage\Components\oracle.dbdev\12.2.0.1.0\1\DataFiles\filegroup1.jar
  Installed version : 1.2.13
  Fixed version     : 2.16.0
"
192.168.0.152,p523748,8b15073b-3c7e-4004-9817-5373733d0dc0,"'
  Path              : C:\APL\OMNI\BAT\PRD\CargaLeitura\app\libs\log4j-core-2.8.2.jar
  Installed version : 2.8.2
  Fixed version     : 2.12.2
"
10.240.67.27,p482936,8cf3dd7d-2b46-445d-b0d3-9f7732d01528,"'
  Path              : C:\APL\SigepWEB\Bkp\sigepcliente\lib\log4j-1.2.16.jar
  Installed version : 1.2.16
  Fixed version     : 2.16.0



  Path              : C:\APL\SigepWEB\sigepcliente\lib\log4j-1.2.16.jar
  Installed version : 1.2.16
  Fixed version     : 2.16.0
"
10.100.132.6,p489087,8df4366b-5558-44ae-b1e0-e4ae98e3ab13,"'
  Path              : C:\APL\OLDSigepWEB\Bkp\sigepcliente\lib\log4j-1.2.16.jar
  Installed version : 1.2.16
  Fixed version     : 2.16.0



  Path              : C:\APL\OLDSigepWEB\sigepcliente\lib\log4j-1.2.16.jar
  Installed version : 1.2.16
  Fixed version     : 2.16.0



  Path              : C:\APL\SigepWeb\sigepcliente\lib\log4j-1.2.16.jar
  Installed version : 1.2.16
  Fixed version     : 2.16.0



  Path              : C:\Temp\SigepWEBOld\Bkp\sigepcliente\lib\log4j-1.2.16.jar
  Installed version : 1.2.16
  Fixed version     : 2.16.0



  Path              : C:\Temp\SigepWEBOld\sigepcliente\lib\log4j-1.2.16.jar
  Installed version : 1.2.16
  Fixed version     : 2.16.0
"
10.240.67.19,p487595,8e27c164-d9d5-4533-8891-d9b7313041f4,"'
  Path              : C:\Documentos\SoapUI-5.2.0\SoapUI-5.2.0\hermesJMS\lib\log4j-1.2.15.jar
  Installed version : 1.2.15
  Fixed version     : 2.16.0



  Path              : C:\Documentos\SoapUI-5.2.0\SoapUI-5.2.0\lib\log4j-1.2.14.jar
  Installed version : 1.2.14
  Fixed version     : 2.16.0



  Path              : C:\Documentos\sqldeveloper-4.1.5.21.78-no-jre\sqldeveloper\sqldeveloper\lib\log4j-1.2.13.jar
  Installed version : 1.2.13
  Fixed version     : 2.16.0
"
10.64.81.169,p010606,8e8438fa-8e93-4182-a656-43a1a283ae94,"'
  Path              : E:\Forcepoint\app\log4j-core-2.14.0.jar
  Installed version : 2.14.0
  Fixed version     : 2.15.0
"
10.100.193.79,p488506,91a810a1-bf07-4a53-b41b-854ac6799f78,"'
  Path              : C:\web\WEB-INF\lib\log4j-1.2.13.jar
  Installed version : 1.2.13
  Fixed version     : 2.16.0



  Path              : D:\app\web\WEB-INF\lib\log4j-1.2.13.jar
  Installed version : 1.2.13
  Fixed version     : 2.16.0
"
10.76.66.111,p030057,91f98947-a16d-4506-a9c3-9b5ae20f9691,"'
  Path              : C:\APL\oss\client\engineering\product_msuiteclient\plugin_NBI_Plugins_1.1.0.jar
  Installed version : 1.2.14
  Fixed version     : 2.16.0



  Path              : C:\APL\oss\client\lib\3rd_tools\log4j-1.2.14.jar
  Installed version : 1.2.14
  Fixed version     : 2.16.0



  Path              : D:\Juliano\netbeans-17\ide\modules\ext\log4j-1.2.15.jar
  Installed version : 1.2.15
  Fixed version     : 2.16.0
"
10.44.96.150,p485208,92b82cec-190f-4679-9565-1c28351fda93,"'
  Path              : C:\web\WEB-INF\lib\log4j-1.2.13.jar
  Installed version : 1.2.13
  Fixed version     : 2.16.0
"
10.100.131.237,p489009,93347fe7-3735-48e5-930d-c86568cd173b,"'
  Path              : C:\Users\C047725\Desktop\bckup\KM3\Fronteira\cianet\ciaview 1.2.8b - plugin 0.5.2\lib\log4j-1.2.14.jar
  Installed version : 1.2.14
  Fixed version     : 2.16.0



  Path              : C:\Users\c047725.old\Desktop\bckup\KM3\Fronteira\cianet\ciaview 1.2.8b - plugin 0.5.2\lib\log4j-1.2.14.jar
  Installed version : 1.2.14
  Fixed version     : 2.16.0
"
10.100.131.181,p489044,937e1ff3-dd8c-4ae4-9fc0-419ca7e6a2b7,"'
  Path              : C:\Users\c052501\Documents\SoapUI-5.6.1\SoapUI-5.6.1\lib\log4j-core-2.16.0.jar
  Installed version : 2.16.0
  Fixed version     : 2.17.1
"
10.220.65.1,p523819,93b30f35-4537-4847-a92d-506040de768e,"'
  Path              : C:\Automa‡Æo\SASE_7.0.2\EditorSASE-7.0.2\lib\log4j-1.2.17.jar
  Installed version : 1.2.17
  Fixed version     : 2.16.0
"
192.192.192.15,p523680,941b5386-c5c4-4568-b26c-4d750dcf7b95,"'
  Path              : C:\Program Files\DCS\SCE\6.200.10.0-build1\library\isagraf-service\lib\log4j-1.2.16.jar
  Installed version : 1.2.16
  Fixed version     : 2.16.0



  Path              : C:\Program Files\DCS\SCE\6.200.10.0-build1\library\log4j\log4j-1.2.16.jar
  Installed version : 1.2.16
  Fixed version     : 2.16.0



  Path              : D:\Concluidos\CursoNovoSASE\SASE-7.0.0-rev2-rc1\EditorSASE-7.0.0-rev2-rc1\lib\log4j-1.2.17.jar
  Installed version : 1.2.17
  Fixed version     : 2.16.0



  Path              : D:\Concluidos\CursoNovoSASE\SASE_7.0.1_release\SASE_7.0.1\EditorSASE-7.0.1\lib\log4j-1.2.17.jar
  Installed version : 1.2.17
  Fixed version     : 2.16.0



  Path              : D:\Concluidos\CursoNovoSASE\SASE_7.0.2\EditorSASE-7.0.2\lib\log4j-1.2.17.jar
  Installed version : 1.2.17
  Fixed version     : 2.16.0
"
10.236.68.50,p487266,942fc7f4-bcf9-4406-b9e1-713601c7aba9,"'
  Path              : D:\Copel\Padroniza‡Æo\Padroniza‡Æo de Descritivos\Ades3.0.0_java_embutido\ades_lib\log4j-1.2.13.jar
  Installed version : 1.2.13
  Fixed version     : 2.16.0
"
10.64.50.10,p522143,97b7a226-f616-44e2-9cef-a42382ad6fbc,"'
  Path              : C:\Apl\OMNI\BAT\PRD\CargaLeitura\app\libs\log4j-core-2.8.2.jar
  Installed version : 2.8.2
  Fixed version     : 2.12.2
"
10.64.66.0,p000808,98add0e5-c4af-497a-aa7a-ef27941d6fb1,"'
  Path              : C:\APL\SigepWEB\Bkp\sigepcliente\lib\log4j-1.2.16.jar
  Installed version : 1.2.16
  Fixed version     : 2.16.0



  Path              : C:\APL\SigepWEB\sigepcliente\lib\log4j-1.2.16.jar
  Installed version : 1.2.16
  Fixed version     : 2.16.0
"
10.240.67.143,p002994,98caedf1-152a-4391-b178-cc7eb2b68f3b,"'
  Path              : C:\APL\SigepWEB\Bkp\sigepcliente\lib\log4j-1.2.16.jar
  Installed version : 1.2.16
  Fixed version     : 2.16.0



  Path              : C:\APL\SigepWEB\sigepcliente\lib\log4j-1.2.16.jar
  Installed version : 1.2.16
  Fixed version     : 2.16.0
"
10.100.145.240,p489663,98e65f30-cfdd-473b-92e2-0ed9796340cd,"'
  Path              : C:\APL\SigepWEB\Bkp\sigepcliente\lib\log4j-1.2.16.jar
  Installed version : 1.2.16
  Fixed version     : 2.16.0



  Path              : C:\APL\SigepWEB\sigepcliente\lib\log4j-1.2.16.jar
  Installed version : 1.2.16
  Fixed version     : 2.16.0
"
10.59.209.163,p487097,99067c64-059b-4f23-ad2d-ee723e3dfcae,"'
  Path              : C:\Program Files (x86)\ACL Software\ACL for Windows 14\ACL App\lib\log4j-core-2.8.2.jar
  Installed version : 2.8.2
  Fixed version     : 2.12.3 / 2.17.0
"
10.101.241.173,p480743,99711d75-3b46-42ae-bbde-0cd9e97f56e9,"'
  Path              : C:\web\WEB-INF\lib\log4j-1.2.13.jar
  Installed version : 1.2.13
  Fixed version     : 2.16.0
"
10.64.50.10,p522143,99b05304-2ddf-4734-bf42-33651fd4e08c,"'
  Path              : C:\Apl\OMNI\BAT\PRD\CargaLeitura\app\libs\log4j-core-2.8.2.jar
  Installed version : 2.8.2
  Fixed version     : 2.12.3 / 2.17.0
"
10.64.82.100,p471038,99b805ba-556c-4984-8e7e-4f08d9914903,"'
  Path              : C:\APL\SigepWEB\sigepcliente\lib\log4j-1.2.16.jar
  Installed version : 1.2.16
  Fixed version     : 2.16.0



  Path              : C:\APL\SigepWEBold\Bkp\sigepcliente\lib\log4j-1.2.16.jar
  Installed version : 1.2.16
  Fixed version     : 2.16.0



  Path              : C:\APL\SigepWEBold\sigepcliente\lib\log4j-1.2.16.jar
  Installed version : 1.2.16
  Fixed version     : 2.16.0



  Path              : C:\Users\c022939\Desktop\Correio_Interno\RICARDO - Controle\SigepWeb_km_backup\SigepWEB\sigepclient\sigepcliente\lib\log4j-1.2.16.jar
  Installed version : 1.2.16
  Fixed version     : 2.16.0



  Path              : D:\ENTRADA E SAIDA DE MALOTES\10 - Luana\SigepWEB\Bkp\sigepcliente\lib\log4j-1.2.16.jar
  Installed version : 1.2.16
  Fixed version     : 2.16.0



  Path              : D:\ENTRADA E SAIDA DE MALOTES\10 - Luana\SigepWEB\sigepcliente\lib\log4j-1.2.16.jar
  Installed version : 1.2.16
  Fixed version     : 2.16.0
"
10.240.66.55,p474321,9e9dad16-bfbb-4e6a-b963-9b781b5f9092,"'
  Path              : C:\APL\SigepWEB\Bkp\sigepcliente\lib\log4j-1.2.16.jar
  Installed version : 1.2.16
  Fixed version     : 2.16.0



  Path              : C:\APL\SigepWEB\sigepcliente\lib\log4j-1.2.16.jar
  Installed version : 1.2.16
  Fixed version     : 2.16.0
"
10.101.1.108,p483116,9f549580-1548-4af2-a7b5-0671c2bea9ef,"'
  Path              : C:\APL\SigepWEB\sigepcliente\lib\log4j-1.2.16.jar
  Installed version : 1.2.16
  Fixed version     : 2.16.0
"
192.192.192.15,p522394,a1a1bcd2-5f72-4cc4-8fde-6c73c25ec357,"'
  Path              : D:\Instalacoes\Filezilla\SASE_7\SASE_7.0.0-rev2-beta3\EditorSASE-7.0.0-rev2-beta3\lib\log4j-1.2.17.jar
  Installed version : 1.2.17
  Fixed version     : 2.16.0



  Path              : D:\Instalacoes\Filezilla\SASE_7\SASE_7.0.0-rev2-beta4\EditorSASE-7.0.0-rev2-beta4\lib\log4j-1.2.17.jar
  Installed version : 1.2.17
  Fixed version     : 2.16.0



  Path              : D:\Instalacoes\SASE_6.5.0.0\SASE_instalacao\6.5.0.0\SDG\1.2.0\Editor\EditorSDG-1.4.2\lib\log4j-1.2.13.jar
  Installed version : 1.2.13
  Fixed version     : 2.16.0



  Path              : D:\Instalacoes\SASE_6.5.0.0\sase\6.5.0.0\SDG\1.2.0\Editor\EditorSDG-1.4.2\lib\log4j-1.2.13.jar
  Installed version : 1.2.13
  Fixed version     : 2.16.0



  Path              : D:\Instalacoes\SASE_7\SASE_7.0.2\EditorSASE-7.0.2\lib\log4j-1.2.17.jar
  Installed version : 1.2.17
  Fixed version     : 2.16.0



  Path              : D:\Instalacoes\SASE_7\SASE_7.0.3\EditorSASE-7.0.3\lib\log4j-1.2.17.jar
  Installed version : 1.2.17
  Fixed version     : 2.16.0



  Path              : D:\RH\_Curso SASE (pen drive)\instalacao\6.5.0.0\SDG\1.2.0\Editor\EditorSDG-1.4.2\lib\log4j-1.2.13.jar
  Installed version : 1.2.13
  Fixed version     : 2.16.0
"
10.128.225.167,p520868,a1acb90b-736e-44fc-b805-d5d05622faeb,"'
  Path              : C:\Users\c046165\.m2\repository\log4j\log4j\1.2.12\log4j-1.2.12.jar
  Installed version : 1.2.12
  Fixed version     : 2.16.0



  Path              : D:\Copel\2023\COGT\WorkspaceCluster\OtimizadorFCH\lib\log4j-1.2.17.jar
  Installed version : 1.2.17
  Fixed version     : 2.16.0



  Path              : D:\Copel\2023\COGT\WorkspaceCluster\Mahh\Bibliotecas\lib\log4j-1.2.17.jar
  Installed version : 1.2.17
  Fixed version     : 2.16.0



  Path              : D:\Copel\2023\COGT\WorkspaceCluster\PCH_Optmizer\bin\log4j-1.2.17.jar
  Installed version : 1.2.17
  Fixed version     : 2.16.0



  Path              : D:\Copel\2023\COGT\WorkspaceCluster\PCH_Optmizer\lib\log4j-1.2.17.jar
  Installed version : 1.2.17
  Fixed version     : 2.16.0
"
10.64.81.169,p010606,a3b3be19-528f-4e31-acc1-2fd6f2642fa1,"'
  Path              : E:\Forcepoint\app\log4j-core-2.14.0.jar
  Installed version : 2.14.0
  Fixed version     : 2.16.0
"
10.240.66.193,p482797,a5720500-d333-4698-87dd-07767c62f5cd,"'
  Path              : C:\APL\SigepWEB\Bkp\sigepcliente\lib\log4j-1.2.16.jar
  Installed version : 1.2.16
  Fixed version     : 2.16.0



  Path              : C:\APL\SigepWEB\sigepcliente\lib\log4j-1.2.16.jar
  Installed version : 1.2.16
  Fixed version     : 2.16.0
"
10.240.66.217,p487570,a686562c-58d4-4cc6-92e7-10daae4f2bdc,"'
  Path              : C:\APL\SigepWEB\sigepcliente\lib\log4j-1.2.16.jar
  Installed version : 1.2.16
  Fixed version     : 2.16.0
"
10.208.68.98,p482915,a6adf689-54e8-4472-b850-6d1296ff92ed,"'
  Path              : D:\SQL Developer\sqldeveloper\sqldeveloper\lib\log4j-1.2.13.jar
  Installed version : 1.2.13
  Fixed version     : 2.16.0
"
192.168.56.1,p483711,a6e195f6-3e22-4733-92e2-d23b5f47f2ec,"'
  Path              : E:\Backup Copel\SASE\6.5.0.0\SDG\1.2.0\Editor\EditorSDG-1.4.2\lib\log4j-1.2.13.jar
  Installed version : 1.2.13
  Fixed version     : 2.16.0



  Path              : E:\Backup Copel\SASE\Executaveis\6.x.x.x\6.5.0.0\SDG\1.2.0\Editor\EditorSDG-1.4.2\lib\log4j-1.2.13.jar
  Installed version : 1.2.13
  Fixed version     : 2.16.0



  Path              : E:\Backup Copel\SASE\SASE\Executaveis\6.x.x.x\6.5.0.0\SDG\1.2.0\Editor\EditorSDG-1.4.2\lib\log4j-1.2.13.jar
  Installed version : 1.2.13
  Fixed version     : 2.16.0
"
10.64.81.176,p524326,a7134562-4479-46dc-9925-68cd43e53c65,"'
  Path              : C:\Users\c049497\Documents\SAP\PI\PI_Interfaces\WPB\wpb\Instaladores\51051767\extraidos\installer\manager-Microsoft-Edition-9.5.7.war
  Installed version : 1.2.16
  Fixed version     : 2.16.0



  Path              : C:\Users\c049497\Documents\SAP\PI\PI_Interfaces\WPB\wpb\Instaladores\51051767\extraidos\installer\manager-Oracle-Edition-9.5.7.war
  Installed version : 1.2.16
  Fixed version     : 2.16.0



  Path              : C:\Users\c049497\Documents\SAP\PI\PI_Interfaces\WPB\wpb\Instaladores\installer\manager-Oracle-Edition-9.5.7.war
  Installed version : 1.2.16
  Fixed version     : 2.16.0



  Path              : C:\Users\c049497\Documents\SAP\PI\PI_Interfaces\WPB\wpb\Instaladores\installer\manager-Microsoft-Edition-9.5.7.war
  Installed version : 1.2.16
  Fixed version     : 2.16.0
"
10.101.1.129,p489841,a7fd4140-2957-48d3-b17e-ac671ad5036b,"'
  Path              : C:\web\WEB-INF\lib\log4j-1.2.13.jar
  Installed version : 1.2.13
  Fixed version     : 2.16.0



  Path              : D:\app\web\WEB-INF\lib\log4j-1.2.13.jar
  Installed version : 1.2.13
  Fixed version     : 2.16.0
"
10.236.193.160,p489854,a84484c0-ab78-442f-a4a9-bbaecd481c08,"'
  Path              : C:\web\WEB-INF\lib\log4j-1.2.13.jar
  Installed version : 1.2.13
  Fixed version     : 2.16.0
"
10.64.82.25,p487171,aadd83e9-3983-4656-a2af-030c09b534a9,"'
  Path              : D:\NÆo listados\Ticket_626424\CargaLeitura\app\libs\log4j-core-2.8.2.jar
  Installed version : 2.8.2
  Fixed version     : 2.12.2
"
10.100.130.42,p489214,abc9e66a-43bd-4da1-b7b5-c12fd142043d,"'
  Path              : C:\APL\SigepWEB\Bkp\sigepcliente\lib\log4j-1.2.16.jar
  Installed version : 1.2.16
  Fixed version     : 2.16.0



  Path              : C:\APL\SigepWEB\sigepcliente\lib\log4j-1.2.16.jar
  Installed version : 1.2.16
  Fixed version     : 2.16.0
"
10.240.209.5,p489615,abe0a472-368c-4daf-a11f-fde593ae2181,"'
  Path              : C:\APL\SigepWEB\sigepcliente\lib\log4j-1.2.16.jar
  Installed version : 1.2.16
  Fixed version     : 2.16.0
"
192.192.192.15,p482897,ac4a87e6-3308-4f5f-9753-c61726a70080,"'
  Path              : D:\P452298\P452298\desktop\SASE7_Curso\SASE_7.0.0\EditorSASE-7.0.0\lib\log4j-1.2.17.jar
  Installed version : 1.2.17
  Fixed version     : 2.16.0



  Path              : D:\P452298\P452298\desktop\SASE7_Curso\SASE_7.0.1\EditorSASE-7.0.1\lib\log4j-1.2.17.jar
  Installed version : 1.2.17
  Fixed version     : 2.16.0



  Path              : D:\P452298\SASE 7\SASE_7.0.3\EditorSASE-7.0.3\lib\log4j-1.2.17.jar
  Installed version : 1.2.17
  Fixed version     : 2.16.0



  Path              : D:\P452298\SASE 7\SASE_7.0.0\EditorSASE-7.0.0\lib\log4j-1.2.17.jar
  Installed version : 1.2.17
  Fixed version     : 2.16.0



  Path              : D:\P452298\SASE 7\SASE_7.0.1\EditorSASE-7.0.1\lib\log4j-1.2.17.jar
  Installed version : 1.2.17
  Fixed version     : 2.16.0



  Path              : D:\P452298\SASE 7\SASE_7.0.2\SASE_7.0.2\EditorSASE-7.0.2\lib\log4j-1.2.17.jar
  Installed version : 1.2.17
  Fixed version     : 2.16.0
"
10.220.192.200,p478335,acd2ea26-1249-4afa-b7db-1b7c222d7f99,"'
  Path              : C:\Users\L045641\Desktop\VirtualBox\6.5.0.0\SDG\1.2.0\Editor\EditorSDG-1.4.2\lib\log4j-1.2.13.jar
  Installed version : 1.2.13
  Fixed version     : 2.16.0



  Path              : C:\Users\c045641\Desktop\VirtualBox\6.5.0.0\SDG\1.2.0\Editor\EditorSDG-1.4.2\lib\log4j-1.2.13.jar
  Installed version : 1.2.13
  Fixed version     : 2.16.0
"
10.100.131.181,p489044,ad204bbe-6e6c-4e88-a5cb-9a1dbfda5927,"'
  Path              : C:\Users\c052501\Documents\SoapUI-5.6.1\SoapUI-5.6.1\lib\log4j-core-2.16.0.jar
  Installed version : 2.16.0
  Fixed version     : 2.17.0
"
10.100.130.23,p489568,ada480ed-351d-40e3-9fb8-6cb9b7287811,"'
  Path              : C:\APL\SigepWEB\Bkp\sigepcliente\lib\log4j-1.2.16.jar
  Installed version : 1.2.16
  Fixed version     : 2.16.0



  Path              : C:\APL\SigepWEB\sigepcliente\lib\log4j-1.2.16.jar
  Installed version : 1.2.16
  Fixed version     : 2.16.0
"
192.192.192.15,p478360,ae000cde-d99b-468c-9a6f-1ff20fcd2c8a,"'
  Path              : C:\Users\c050003\Desktop\SASE\Executaveis\6.x.x.x\6.5.0.0\SDG\1.2.0\Editor\EditorSDG-1.4.2\lib\log4j-1.2.13.jar
  Installed version : 1.2.13
  Fixed version     : 2.16.0
"
10.100.130.63,p483265,ae0f01cd-d829-48b6-aaf9-1f97c210e061,"'
  Path              : C:\APL\SigepWEB\Bkp\sigepcliente\lib\log4j-1.2.16.jar
  Installed version : 1.2.16
  Fixed version     : 2.16.0



  Path              : C:\APL\SigepWEB\sigepcliente\lib\log4j-1.2.16.jar
  Installed version : 1.2.16
  Fixed version     : 2.16.0
"
10.64.81.199,p010459,b0ed2319-f36d-4f8f-bcc2-a2bd345cfb99,"'
  Path              : C:\APL\SigepWEB\sigepcliente\lib\log4j-1.2.16.jar
  Installed version : 1.2.16
  Fixed version     : 2.16.0
"
10.100.193.161,p489730,b0f8ccb5-135d-4aea-a270-d4f8abee47dc,"'
  Path              : C:\Users\Public\Olimpo\app\lib\log4j-1.2.17.jar
  Installed version : 1.2.17
  Fixed version     : 2.16.0
"
10.240.67.66,p487210,b34ed666-496d-4b65-95de-732f443a3608,"'
  Path              : C:\Program Files\PDF Split And Merge Basic\lib\log4j-1.2.15.jar
  Installed version : 1.2.15
  Fixed version     : 2.16.0
"
192.168.0.152,p523748,b3e55bd9-4950-4065-85b3-17e35c355a3c,"'
  Path              : C:\APL\OMNI\BAT\PRD\CargaLeitura\app\libs\log4j-core-2.8.2.jar
  Installed version : 2.8.2
  Fixed version     : 2.12.4
"
10.100.130.56,p482580,b452819d-29f9-4d5b-84fe-4e4b434fca3b,"'
  Path              : C:\APL\SigepWEB\Bkp\sigepcliente\lib\log4j-1.2.16.jar
  Installed version : 1.2.16
  Fixed version     : 2.16.0



  Path              : C:\APL\SigepWEB\sigepcliente\lib\log4j-1.2.16.jar
  Installed version : 1.2.16
  Fixed version     : 2.16.0
"
172.168.1.2,p478364,b4adc35d-a76a-443a-aac4-98fd6e53cb2c,"'
  Path              : C:\Users\c801166\Desktop\SASE7\ONE DRIVE\SASE_7.0.0-rev2-alfa1\EditorSASE-7.0.0-rev2-alfa1\lib\log4j-1.2.17.jar
  Installed version : 1.2.17
  Fixed version     : 2.16.0



  Path              : C:\Users\c801166\Desktop\SASE7\SASE_7.0.0-rev2-beta3\EditorSASE-7.0.0-rev2-beta3\lib\log4j-1.2.17.jar
  Installed version : 1.2.17
  Fixed version     : 2.16.0



  Path              : D:\Config_DIS\BKP_SDG_RF-LUA\SDG\1.2.1\Editor\EditorSDG-1.4.3\lib\log4j-1.2.13.jar
  Installed version : 1.2.13
  Fixed version     : 2.16.0



  Path              : D:\Geral\SASE\Executaveis\6.x.x.x\6.5.0.0\SDG\1.2.0\Editor\EditorSDG-1.4.2\lib\log4j-1.2.13.jar
  Installed version : 1.2.13
  Fixed version     : 2.16.0



  Path              : D:\Geral\Padroniza‡Æo\Padroniza‡Æo de Descritivos\Ades3.0.0\ades_lib\log4j-1.2.13.jar
  Installed version : 1.2.13
  Fixed version     : 2.16.0



  Path              : D:\Geral\Padroniza‡Æo\Padroniza‡Æo de Descritivos\Ades3.0.0_java_embutido\ades_lib\log4j-1.2.13.jar
  Installed version : 1.2.13
  Fixed version     : 2.16.0



  Path              : D:\Geral\Padroniza‡Æo\Padroniza‡Æo de Descritivos\gerpADES\gerpADES_lib\log4j-1.2.13.jar
  Installed version : 1.2.13
  Fixed version     : 2.16.0
"
192.168.56.1,p470035,b5200f7c-a7c9-4c6a-9146-99cf0c413f50,"'
  Path              : E:\2 SINAP\CargaBase_3.1\CargaBase\lib\log4j-core-2.11.1.jar
  Installed version : 2.11.1
  Fixed version     : 2.12.2
"
10.64.17.203,p526474,b5ec2a90-b7c1-4671-aebc-a815cc7b3c67,"'
  Path              : D:\BKP julho 2023\disco D\BKP - P519501\BKP 20220111\Adm\Tràs geraá‰es app\pdfsam\lib\log4j-1.2.15.jar
  Installed version : 1.2.15
  Fixed version     : 2.16.0



  Path              : D:\BKP julho 2023\disco D\BKP - P519501\BKP_C049272\Documents\Adm\Tràs geraá‰es app\pdfsam\lib\log4j-1.2.15.jar
  Installed version : 1.2.15
  Fixed version     : 2.16.0
"
10.100.145.155,p489418,b8671a78-45f6-48b2-8130-852773e6c348,"'
  Path              : C:\APL\SigepWEB\Bkp\sigepcliente\lib\log4j-1.2.16.jar
  Installed version : 1.2.16
  Fixed version     : 2.16.0



  Path              : C:\APL\SigepWEB\sigepcliente\lib\log4j-1.2.16.jar
  Installed version : 1.2.16
  Fixed version     : 2.16.0
"
192.168.1.9,p483751,b8cb6f3c-ab8a-493c-bf96-3493d5920f05,"'
  Path              : C:\Users\c050519\Documents\ANTIGOS\Backup PC Zera\div\conversorPlanilhaCIS\lib\log4j-1.2.13.jar
  Installed version : 1.2.13
  Fixed version     : 2.16.0



  Path              : C:\Users\c050519\Documents\Documentos\DOCUMENTOS 2022\Olimpo\app\lib\log4j-1.2.17.jar
  Installed version : 1.2.17
  Fixed version     : 2.16.0
"
192.192.192.15,p487345,bbcb62e4-6ce1-4f2d-8351-9c6c41ccd630,"'
  Path              : C:\Users\c040288\Desktop\Arquivos desktop\Padroniza‡Æo de descritivos\Ades3.0.0_java_embutido\ades_lib\log4j-1.2.13.jar
  Installed version : 1.2.13
  Fixed version     : 2.16.0



  Path              : D:\Alessandro\Automa‡Æo\6.5.0.0\SDG\1.2.0\Editor\EditorSDG-1.4.2\lib\log4j-1.2.13.jar
  Installed version : 1.2.13
  Fixed version     : 2.16.0
"
10.219.0.156,p480730,bcac7ce7-a36d-443a-a8dd-de62156f6623,"'
  Path              : C:\web\WEB-INF\lib\log4j-1.2.13.jar
  Installed version : 1.2.13
  Fixed version     : 2.16.0
"
10.100.132.118,p489192,bd31d743-5267-42ac-90e5-aa9fcabbc0e9,"'
  Path              : C:\APL\SigepWEB\Bkp\sigepcliente\lib\log4j-1.2.16.jar
  Installed version : 1.2.16
  Fixed version     : 2.16.0



  Path              : C:\APL\SigepWEB\sigepcliente\lib\log4j-1.2.16.jar
  Installed version : 1.2.16
  Fixed version     : 2.16.0
"
10.100.145.244,p489665,be1df782-8c7c-448a-be73-67831d5a99e4,"'
  Path              : C:\APL\SigepWEB\Bkp\sigepcliente\lib\log4j-1.2.16.jar
  Installed version : 1.2.16
  Fixed version     : 2.16.0



  Path              : C:\APL\SigepWEB\sigepcliente\lib\log4j-1.2.16.jar
  Installed version : 1.2.16
  Fixed version     : 2.16.0
"
10.214.128.200,p482789,c0838000-e819-4ba1-b2d9-ed2d0d1eb5d4,"'
  Path              : D:\Automa‡Æo\Automa‡Æo_Pendrive\6.5.0.0\SDG\1.2.0\Editor\EditorSDG-1.4.2\lib\log4j-1.2.13.jar
  Installed version : 1.2.13
  Fixed version     : 2.16.0



  Path              : D:\Automa‡Æo\Automa‡Æo\6.5.0.0\SDG\1.2.0\Editor\EditorSDG-1.4.2\lib\log4j-1.2.13.jar
  Installed version : 1.2.13
  Fixed version     : 2.16.0



  Path              : D:\Automa‡Æo\Ades3.0.0_java_embutido\ades_lib\log4j-1.2.13.jar
  Installed version : 1.2.13
  Fixed version     : 2.16.0



  Path              : D:\Automa‡Æo\Ades3.0.0\ades_lib\log4j-1.2.13.jar
  Installed version : 1.2.13
  Fixed version     : 2.16.0
"
10.100.131.174,p489050,c0ddc4f7-ec92-4885-b218-97ee0aa22206,"'
  Path              : C:\APL\SigepWEB\Bkp\sigepcliente\lib\log4j-1.2.16.jar
  Installed version : 1.2.16
  Fixed version     : 2.16.0



  Path              : C:\APL\SigepWEB\sigepcliente\lib\log4j-1.2.16.jar
  Installed version : 1.2.16
  Fixed version     : 2.16.0
"
10.100.130.142,p482425,c1482825-619c-4326-b04d-2b8eafe15a6b,"'
  Path              : D:\app\web\WEB-INF\lib\log4j-1.2.13.jar
  Installed version : 1.2.13
  Fixed version     : 2.16.0
"
10.100.131.182,p483257,c1a926be-01d9-4201-b7d5-3709f964dcea,"'
  Path              : C:\APL\SigepWEB\Bkp\sigepcliente\lib\log4j-1.2.16.jar
  Installed version : 1.2.16
  Fixed version     : 2.16.0



  Path              : C:\APL\SigepWEB\sigepcliente\lib\log4j-1.2.16.jar
  Installed version : 1.2.16
  Fixed version     : 2.16.0
"
10.100.194.12,p489844,c1e599c7-1ee6-407c-afa8-ef6766a57c21,"'
  Path              : C:\web\WEB-INF\lib\log4j-1.2.13.jar
  Installed version : 1.2.13
  Fixed version     : 2.16.0
"
10.59.209.163,p487097,c2d15009-415d-4aa7-95e3-6bdd7503feaa,"'
  Path              : C:\Program Files (x86)\ACL Software\ACL for Windows 14\ACL App\lib\log4j-core-2.8.2.jar
  Installed version : 2.8.2
  Fixed version     : 2.12.4
"
10.249.49.168,p488058,c402c8dc-a03f-4a0f-8705-216887d90df3,"'
  Path              : D:\SASE7\SASE_7.0.3\EditorSASE-7.0.3\lib\log4j-1.2.17.jar
  Installed version : 1.2.17
  Fixed version     : 2.16.0
"
10.240.67.210,p487535,c4ff9dfb-f25b-4c26-9bb2-4c2c95a00a50,"'
  Path              : C:\APL\SigepWEB.OLD\Bkp\sigepcliente\lib\log4j-1.2.16.jar
  Installed version : 1.2.16
  Fixed version     : 2.16.0



  Path              : C:\APL\SigepWEB.OLD\sigepcliente\lib\log4j-1.2.16.jar
  Installed version : 1.2.16
  Fixed version     : 2.16.0



  Path              : C:\APL\SigepWeb\sigepcliente\lib\log4j-1.2.16.jar
  Installed version : 1.2.16
  Fixed version     : 2.16.0
"
10.211.160.158,p483762,c5317913-a7d1-4600-99e7-4ce53067ccac,"'
  Path              : C:\web\WEB-INF\lib\log4j-1.2.13.jar
  Installed version : 1.2.13
  Fixed version     : 2.16.0
"
10.65.1.81,p000811,ca679a25-3e7f-4918-94bd-6ad8c0a3fd45,"'
  Path              : D:\Mauricio_Neto_Local\2023\10_OUT\CargaBase_3.1\CargaBase\lib\cargabasebusiness-9.7RC.jar
  Installed version : 2.11.1
  Fixed version     : 2.12.2



  Path              : D:\Mauricio_Neto_Local\2023\10_OUT\CargaBase_3.1\CargaBase\lib\cargabasepersistence_6.2RC.jar
  Installed version : 2.11.1
  Fixed version     : 2.12.2
"
10.68.241.151,p482699,ca878be3-45d9-41c5-87e6-c08b6e22b60e,"'
  Path              : C:\APL\SigepWEB\Bkp\sigepcliente\lib\log4j-1.2.16.jar
  Installed version : 1.2.16
  Fixed version     : 2.16.0



  Path              : C:\APL\SigepWEB\sigepcliente\lib\log4j-1.2.16.jar
  Installed version : 1.2.16
  Fixed version     : 2.16.0
"
10.64.81.191,p487172,caa8c8c8-56e6-4d0a-a86b-f82bcb394584,"'
  Path              : C:\APL\SigepWEB.OLD\sigepcliente\lib\log4j-1.2.16.jar
  Installed version : 1.2.16
  Fixed version     : 2.16.0



  Path              : C:\APL\SigepWEB\Bkp\sigepcliente\lib\log4j-1.2.16.jar
  Installed version : 1.2.16
  Fixed version     : 2.16.0



  Path              : C:\APL\SigepWEB\sigepcliente\lib\log4j-1.2.16.jar
  Installed version : 1.2.16
  Fixed version     : 2.16.0
"
10.220.65.45,p524506,cb81f7cd-4ea8-4477-a56d-e73333093f8d,"'
  Path              : D:\Nova pasta (2)\EditorSASE-7.0.4\lib\log4j-1.2.17.jar
  Installed version : 1.2.17
  Fixed version     : 2.16.0
"
10.228.65.8,p523120,cbe0b977-8750-4998-a728-59dab9bed7cf,"'
  Path              : E:\BACKUP COPEL 21102020\USINA\Apoio T‚cnico\PDFSAM\lib\log4j-1.2.15.jar
  Installed version : 1.2.15
  Fixed version     : 2.16.0



  Path              : E:\BACKUP COPEL 21102021\AT5\USINA\Apoio T‚cnico\PDFSAM\lib\log4j-1.2.15.jar
  Installed version : 1.2.15
  Fixed version     : 2.16.0
"
10.64.82.25,p487171,cc0fee8f-55cd-4875-a12b-4476f6657f59,"'
  Path              : D:\NÆo listados\Ticket_626424\CargaLeitura\app\libs\log4j-core-2.8.2.jar
  Installed version : 2.8.2
  Fixed version     : 2.12.2
"
10.101.1.136,p483115,cd761433-8859-427a-92c1-83f941e662cb,"'
  Path              : C:\APL\SigepWEB\Bkp\sigepcliente\lib\log4j-1.2.16.jar
  Installed version : 1.2.16
  Fixed version     : 2.16.0



  Path              : C:\APL\SigepWEB\sigepcliente\lib\log4j-1.2.16.jar
  Installed version : 1.2.16
  Fixed version     : 2.16.0
"
10.220.32.150,p480732,cf73cd6d-18bb-4310-b21c-0325e48363c2,"'
  Path              : C:\web\WEB-INF\lib\log4j-1.2.13.jar
  Installed version : 1.2.13
  Fixed version     : 2.16.0
"
10.100.130.218,p489429,d05ee8f0-0988-4b56-b961-191ffa97f137,"'
  Path              : C:\APL\SigepWEB\Bkp\sigepcliente\lib\log4j-1.2.16.jar
  Installed version : 1.2.16
  Fixed version     : 2.16.0



  Path              : C:\APL\SigepWEB\sigepcliente\lib\log4j-1.2.16.jar
  Installed version : 1.2.16
  Fixed version     : 2.16.0
"
10.240.66.131,p475102,d1206e0e-4771-4cd4-9fc2-c28d74af2d21,"'
  Path              : C:\APL\SigepWEB\Bkp\sigepcliente\lib\log4j-1.2.16.jar
  Installed version : 1.2.16
  Fixed version     : 2.16.0



  Path              : C:\APL\SigepWEB\sigepcliente\lib\log4j-1.2.16.jar
  Installed version : 1.2.16
  Fixed version     : 2.16.0
"
10.236.69.38,p483046,d21e8241-227a-4b6d-bfea-347a3ef605bf,"'
  Path              : C:\APL\SigepWEB\sigepcliente\lib\log4j-1.2.16.jar
  Installed version : 1.2.16
  Fixed version     : 2.16.0
"
10.16.230.111,p478334,d675dd0c-56ea-49b4-b368-15b0f8f9a210,"'
  Path              : D:\SASE7\SASE_7.0.0-rev2-alfa1\EditorSASE-7.0.0-rev2-alfa1\lib\log4j-1.2.17.jar
  Installed version : 1.2.17
  Fixed version     : 2.16.0



  Path              : D:\SASE7\SASE_7.0.0-rev2-beta3\EditorSASE-7.0.0-rev2-beta3\lib\log4j-1.2.17.jar
  Installed version : 1.2.17
  Fixed version     : 2.16.0



  Path              : D:\SASE_7.0.3\SASE_7.0.3\EditorSASE-7.0.3\lib\log4j-1.2.17.jar
  Installed version : 1.2.17
  Fixed version     : 2.16.0



  Path              : D:\SASE_7.0.0\SASE_7.0.0\EditorSASE-7.0.0\lib\log4j-1.2.17.jar
  Installed version : 1.2.17
  Fixed version     : 2.16.0



  Path              : D:\SASE_7.0.1\SASE_7.0.1\EditorSASE-7.0.1\lib\log4j-1.2.17.jar
  Installed version : 1.2.17
  Fixed version     : 2.16.0



  Path              : D:\SASE_7.0.2\SASE_7.0.2\EditorSASE-7.0.2\lib\log4j-1.2.17.jar
  Installed version : 1.2.17
  Fixed version     : 2.16.0



  Path              : D:\SASE_7.0.4\SASE_7.0.4\EditorSASE-7.0.4\lib\log4j-1.2.17.jar
  Installed version : 1.2.17
  Fixed version     : 2.16.0
"
10.100.132.40,p030202,d6ce24b3-1c7d-4806-836f-1b1244d304a6,"'
  Path              : C:\Program Files\ArcGIS\Pro\java\runtime\spark\jars\log4j-1.2.17.jar
  Installed version : 1.2.17
  Fixed version     : 2.16.0
"
10.100.130.215,p487000,d7138b73-2fb4-4704-acbd-f2a7ee2e8c32,"'
  Path              : C:\APL\SigepWEB\Bkp\sigepcliente\lib\log4j-1.2.16.jar
  Installed version : 1.2.16
  Fixed version     : 2.16.0



  Path              : C:\APL\SigepWEB\sigepcliente\lib\log4j-1.2.16.jar
  Installed version : 1.2.16
  Fixed version     : 2.16.0
"
10.31.145.192,p030329,d7e401ca-2ecb-4455-943d-ac1a3a509a29,"'
  Path              : C:\APL\OMNI\BAT\PRD\CargaLeitura\app\libs\log4j-core-2.8.2.jar
  Installed version : 2.8.2
  Fixed version     : 2.12.2
"
10.212.129.173,p488509,d939079c-0624-488b-9e88-c8252cede7bf,"'
  Path              : C:\web\WEB-INF\lib\log4j-1.2.13.jar
  Installed version : 1.2.13
  Fixed version     : 2.16.0
"
192.168.56.1,p483707,da9acea2-fae9-48a5-a815-05bebbee5371,"'
  Path              : D:\Automa‡Æo\Ades3.0.0\ades_lib\log4j-1.2.13.jar
  Installed version : 1.2.13
  Fixed version     : 2.16.0
"
10.64.225.132,p487049,dd9f89d3-58a3-4cb9-bbf4-a0d33c59695e,"'
  Path              : C:\APL\SigepWEB\sigepcliente\lib\log4j-1.2.16.jar
  Installed version : 1.2.16
  Fixed version     : 2.16.0
"
10.101.241.156,p487861,ddbac017-f925-4080-9725-06889d44ce3d,"'
  Path              : C:\APL\SigepWEB\sigepcliente\lib\log4j-1.2.16.jar
  Installed version : 1.2.16
  Fixed version     : 2.16.0
"
10.100.131.148,p488835,ddc32f1c-94e1-4d10-be76-c6beea161cb4,"'
  Path              : C:\APL\SigepWEB\sigepcliente\lib\log4j-1.2.16.jar
  Installed version : 1.2.16
  Fixed version     : 2.16.0
"
10.64.225.77,p489016,dfa5e40c-5c16-4a9a-adaf-4a08b9466c03,"'
  Path              : C:\APL\SigepWEB\Bkp\sigepcliente\lib\log4j-1.2.16.jar
  Installed version : 1.2.16
  Fixed version     : 2.16.0



  Path              : C:\APL\SigepWEB\sigepcliente\lib\log4j-1.2.16.jar
  Installed version : 1.2.16
  Fixed version     : 2.16.0
"
10.64.226.25,p483534,e4815401-bc49-4f1f-8ecd-005e743609ab,"'
  Path              : D:\Documentos\Automa‡Æo\SASE\6.5.0.0\SDG\1.2.0\Editor\EditorSDG-1.4.2\lib\log4j-1.2.13.jar
  Installed version : 1.2.13
  Fixed version     : 2.16.0



  Path              : D:\Documentos\Automa‡Æo\SASE\6.5.0.0\SDG\1.2.1\Editor\EditorSDG-1.4.3\lib\log4j-1.2.13.jar
  Installed version : 1.2.13
  Fixed version     : 2.16.0
"
192.192.192.15,p522414,e4b36e36-fda8-4246-ab21-92d99673115f,"'
  Path              : D:\OneDrive - copel.com\01 Automacao\SASE7\SASE_7.0.3\EditorSASE-7.0.3\lib\log4j-1.2.17.jar
  Installed version : 1.2.17
  Fixed version     : 2.16.0



  Path              : D:\OneDrive - copel.com\01 Automacao\SASE7\SASE_7.0.4\EditorSASE-7.0.4\lib\log4j-1.2.17.jar
  Installed version : 1.2.17
  Fixed version     : 2.16.0



  Path              : D:\OneDrive - copel.com\01 Automacao\SASE7\SASE_7.1.0\EditorSASE-7.1.0\lib\log4j-1.2.17.jar
  Installed version : 1.2.17
  Fixed version     : 2.16.0



  Path              : D:\OneDrive - copel.com\01 Automacao\SASE 6.5.0.0\SDG\1.2.0\Editor\EditorSDG-1.4.2\lib\log4j-1.2.13.jar
  Installed version : 1.2.13
  Fixed version     : 2.16.0
"
10.31.145.192,p030329,e54dfb3a-4454-42f8-807b-f95c539172b1,"'
  Path              : C:\APL\OMNI\BAT\PRD\CargaLeitura\app\libs\log4j-core-2.8.2.jar
  Installed version : 2.8.2
  Fixed version     : 2.12.3 / 2.17.0
"
10.41.66.17,p485207,e6715bb0-b0e3-4040-b464-42f2f9ccf80e,"'
  Path              : C:\web\WEB-INF\lib\log4j-1.2.13.jar
  Installed version : 1.2.13
  Fixed version     : 2.16.0
"
10.236.67.236,p475150vv,e928af1f-4628-4864-a7d2-61b6955abd8a,"'
  Path              : C:\APL\SigepWebX\SigepWEB\sigepcliente\lib\log4j-1.2.16.jar
  Installed version : 1.2.16
  Fixed version     : 2.16.0
"
10.240.66.255,p487537,eb5f9eff-c7b4-4264-92d6-0825377e8734,"'
  Path              : C:\APL\SigepWEB\Bkp\sigepcliente\lib\log4j-1.2.16.jar
  Installed version : 1.2.16
  Fixed version     : 2.16.0



  Path              : C:\APL\SigepWEB\sigepcliente\lib\log4j-1.2.16.jar
  Installed version : 1.2.16
  Fixed version     : 2.16.0
"
10.100.131.191,p483258,ebc094e5-d105-4883-9b22-8114cddec8f9,"'
  Path              : E:\Rodrigo\copel\atividades\telemedi‡Æo\programas\ciaview\ciaview 1.2.8b - plugin 0.5.2\lib\log4j-1.2.14.jar
  Installed version : 1.2.14
  Fixed version     : 2.16.0
"
10.100.146.0,p489664,ec84bb8a-3103-4bc6-9e85-8c4f1580ff1d,"'
  Path              : C:\APL\SigepWEB\Bkp\sigepcliente\lib\log4j-1.2.16.jar
  Installed version : 1.2.16
  Fixed version     : 2.16.0



  Path              : C:\APL\SigepWEB\sigepcliente\lib\log4j-1.2.16.jar
  Installed version : 1.2.16
  Fixed version     : 2.16.0
"
10.64.82.111,p487231,eccbda0e-a5e2-4c16-b2c5-978d58cfc4af,"'
  Path              : C:\APL\SigepWEB\Bkp\sigepcliente\lib\log4j-1.2.16.jar
  Installed version : 1.2.16
  Fixed version     : 2.16.0



  Path              : C:\APL\SigepWEB\sigepcliente\lib\log4j-1.2.16.jar
  Installed version : 1.2.16
  Fixed version     : 2.16.0



  Path              : C:\Users\T327353\Desktop\Correio_Interno\RICARDO - Controle\SigepWeb_geral_backup\sigepclient\SigepWEB\sigepcliente\lib\log4j-1.2.16.jar
  Installed version : 1.2.16
  Fixed version     : 2.16.0



  Path              : C:\Users\T327353\Desktop\Correio_Interno\RICARDO - Controle\SigepWeb_km_backup\SigepWEB\sigepclient\sigepcliente\lib\log4j-1.2.16.jar
  Installed version : 1.2.16
  Fixed version     : 2.16.0



  Path              : C:\Users\T327353\Desktop\Correio_Interno\SIGEP\SigepWEB\Bkp\sigepcliente\lib\log4j-1.2.16.jar
  Installed version : 1.2.16
  Fixed version     : 2.16.0



  Path              : C:\Users\T327353\Desktop\Correio_Interno\SIGEP\SigepWEB\sigepcliente\lib\log4j-1.2.16.jar
  Installed version : 1.2.16
  Fixed version     : 2.16.0
"
192.192.192.16,p483511,eda004a4-b2a4-4407-b3bf-1a95140afd22,"'
  Path              : D:\Automao\SatＭite\6.5.0.0\SDG\1.2.0\Editor\EditorSDG-1.4.2\lib\log4j-1.2.13.jar
  Installed version : 1.2.13
  Fixed version     : 2.16.0



  Path              : D:\Backup Desktop\Copel\NOVO SASE\IHM\ihm_lib\log4j-1.2.13.jar
  Installed version : 1.2.13
  Fixed version     : 2.16.0



  Path              : D:\Backup Desktop\Copel\NOVO SASE\IHM\ihm_lib\log4j-1.2.15.jar
  Installed version : 1.2.15
  Fixed version     : 2.16.0



  Path              : D:\Backup Desktop\Copel\sase\EditorSaseAlfa\editorSase_lib\log4j-1.2.13.jar
  Installed version : 1.2.13
  Fixed version     : 2.16.0



  Path              : D:\sase7\SASE_7.0.3\EditorSASE-7.0.3\lib\log4j-1.2.17.jar
  Installed version : 1.2.17
  Fixed version     : 2.16.0
"
10.100.131.173,p483256,ef41d943-f59f-4707-b415-808d10a22939,"'
  Path              : C:\APL\SigepWEB\Bkp\sigepcliente\lib\log4j-1.2.16.jar
  Installed version : 1.2.16
  Fixed version     : 2.16.0



  Path              : C:\APL\SigepWEB\sigepcliente\lib\log4j-1.2.16.jar
  Installed version : 1.2.16
  Fixed version     : 2.16.0
"
10.241.0.217,p480721,f1705bed-b559-4033-8ca2-8e8105d2b841,"'
  Path              : C:\web\WEB-INF\lib\log4j-1.2.13.jar
  Installed version : 1.2.13
  Fixed version     : 2.16.0
"
10.26.177.155,p523673,f21094bc-30d6-450b-9394-21084281d025,"'
  Path              : C:\automa‡Æo\Ades3.0.0\ades_lib\log4j-1.2.13.jar
  Installed version : 1.2.13
  Fixed version     : 2.16.0
"
10.241.128.207,p480707,f2dccd95-2cf4-44f3-b3b0-1d6cd98a0aee,"'
  Path              : C:\web\WEB-INF\lib\log4j-1.2.13.jar
  Installed version : 1.2.13
  Fixed version     : 2.16.0
"
10.76.66.175,p489371,f2fa6eed-4e6f-40d6-aa92-0f6e84f9dbd5,"'
  Path              : C:\desenv\apache-maven-REPO\log4j\log4j\1.2.14\log4j-1.2.14.jar
  Installed version : 1.2.14
  Fixed version     : 2.16.0
"
10.222.241.152,p489834,f357c13f-affc-4278-a04e-31460a0283ef,"'
  Path              : C:\web\WEB-INF\lib\log4j-1.2.13.jar
  Installed version : 1.2.13
  Fixed version     : 2.16.0
"
10.240.209.18,p487526,f5da4df9-9540-4f38-88e3-65eff9409c24,"'
  Path              : C:\APL\SigepWEB\Bkp\sigepcliente\lib\log4j-1.2.16.jar
  Installed version : 1.2.16
  Fixed version     : 2.16.0



  Path              : C:\APL\SigepWEB\sigepcliente\lib\log4j-1.2.16.jar
  Installed version : 1.2.16
  Fixed version     : 2.16.0
"
10.64.225.85,p488970,f6b559c5-791a-40bf-a2ee-864289b359f4,"'
  Path              : C:\APL\SigepWEB\sigepcliente\lib\log4j-1.2.16.jar
  Installed version : 1.2.16
  Fixed version     : 2.16.0
"
192.168.1.195,p483727,f7946d5c-3263-4431-8be3-3d90ac3557f0,"'
  Path              : D:\Ora12_32\stage\Components\oracle.dbdev\12.2.0.1.0\1\DataFiles\filegroup1.jar
  Installed version : 1.2.13
  Fixed version     : 2.16.0
"
10.76.65.156,p469874,f8535fd6-f2c1-44fe-9b58-b9ca9601ba91,"'
  Path              : C:\Apl\SigepWEB\sigepcliente\lib\log4j-1.2.16.jar
  Installed version : 1.2.16
  Fixed version     : 2.16.0
"
10.240.66.241,p487423,f898a9f4-0cfc-424b-9a09-915a3478945e,"'
  Path              : C:\APL\SigepWEB\sigepcliente\lib\log4j-1.2.16.jar
  Installed version : 1.2.16
  Fixed version     : 2.16.0
"
192.168.0.152,p523748,f926cbae-e22f-4a3c-bd2e-b1f617b7d77b,"'
  Path              : C:\APL\OMNI\BAT\PRD\CargaLeitura\app\libs\log4j-core-2.8.2.jar
  Installed version : 2.8.2
  Fixed version     : 2.12.3 / 2.17.0
"
192.192.192.15,p489430,fb549c20-eb57-4271-b195-65c81f602cd6,"'
  Path              : D:\SASE_7.0.3\SASE_7.0.3\EditorSASE-7.0.3\lib\log4j-1.2.17.jar
  Installed version : 1.2.17
  Fixed version     : 2.16.0



  Path              : D:\SASE_7.0.1\EditorSASE-7.0.1\lib\log4j-1.2.17.jar
  Installed version : 1.2.17
  Fixed version     : 2.16.0



  Path              : D:\SASE_7.1.0\SASE_7.1.0\EditorSASE-7.1.0\lib\log4j-1.2.17.jar
  Installed version : 1.2.17
  Fixed version     : 2.16.0



  Path              : D:\SASE_7.2.0-alfa1\SASE_7.2.0-alfa1\EditorSASE-7.2.0-alfa1\lib\log4j-1.2.17.jar
  Installed version : 1.2.17
  Fixed version     : 2.16.0
"
10.240.67.30,p487499,fc9c679d-d787-42ca-bb59-4caf25543b73,"'
  Path              : C:\APL\SigepWeb\sigepcliente\lib\log4j-1.2.16.jar
  Installed version : 1.2.16
  Fixed version     : 2.16.0
"
10.238.17.201,p489857,fe181f99-0129-4d8b-9df3-a4a79a752135,"'
  Path              : C:\web\WEB-INF\lib\log4j-1.2.13.jar
  Installed version : 1.2.13
  Fixed version     : 2.16.0
"
10.59.209.163,p487097,fecd2fd7-196f-4514-b823-0b5c056d00a1,"'
  Path              : C:\Program Files (x86)\ACL Software\ACL for Windows 14\ACL App\lib\log4j-core-2.8.2.jar
  Installed version : 2.8.2
  Fixed version     : 2.12.2
"
